章节,标题,起始行,结束行,行数
1,饱受欺凌,4,190,187
2,残剑认主,191,413,223
3,欺人太甚,414,630,217
4,紫霄圣女,631,874,244
5,惨遭遗弃,875,1142,268
6,践踏底线,1143,1365,223
7,林中激战,1366,1636,271
8,修为突破,1637,1916,280
9,外门来人,1917,2172,256
10,鉴气楼,2173,2392,220
11,晋升外门,2393,2585,193
12,灵宝阁,2586,2826,241
13,我们不欢迎废物,2827,3019,193
14,新的住所,3020,3254,235
15,云老炼丹,3255,3468,214
16,罐中灵石,3469,3661,193
17,仇敌上门,3662,3884,223
18,李叔出手,3885,4074,190
19,落荒而逃,4075,4297,223
20,一片龟甲,4298,4487,190
21,山中顿悟,4488,4746,259
22,山顶巨石,4747,4909,163
23,灵力消失,4910,5114,205
24,化解蛇毒,5115,5265,151
25,流云剑法,5266,5458,193
26,神秘蝌蚪,5459,5630,172
27,大石坠落,5631,5889,259
28,展示剑法,5890,6052,163
29,有惊无险,6053,6239,187
30,新手任务,6240,6387,148
31,灵炎谷,6388,6559,172
32,追香虫,6560,6740,181
33,炼气第二层,6741,6936,196
34,化尸水,6937,7135,199
35,毁尸灭迹,7136,7331,196
36,金牌货郎,7332,7491,160
37,嗜血邪鸦,7492,7711,220
38,大开杀戒,7712,7949,238
39,金丹修士,7950,8169,220
40,二等功,8170,8323,154
41,斗战圣体,8324,8579,256
42,购买书籍,8580,8748,169
43,试炼之路,8749,8923,175
44,御剑诀,8924,9065,142
45,独力顿悟,9066,9312,247
46,天湖结界,9313,9523,211
47,琉璃钟,9524,9659,136
48,黄泉峰主,9660,9825,166
49,炼气第四层,9826,10012,187
50,狂暴丹,10013,10190,178
51,击杀张铁鳞,10191,10398,208
52,诡异山谷,10399,10534,136
53,琉璃古城,10535,10685,151
54,蘑菇有毒,10686,10899,214
55,五品丹药,10900,11125,226
56,叶青瓷的哥哥,11126,11291,166
57,荒古世家,11292,11448,157
58,七彩琉璃殿,11449,11668,220
59,幽冥花,11669,11837,169
60,玄黄变,11838,12051,214
61,成功脱困,12052,12268,217
62,服用幽冥花,12269,12443,175
63,试炼结束,12444,12603,160
64,破冰而出,12604,12820,217
65,琉璃菌皇,12821,13025,205
66,勇夺第一,13026,13224,199
67,达者为先,13225,13390,166
68,进入内门,13391,13577,187
69,青云道人,13578,13773,196
70,炼气第七层,13774,13957,184
71,七大峰主齐聚,13958,14108,151
72,太优秀了也不好,14109,14241,133
73,命轮有缺,14242,14443,202
74,天道筑基与不死药,14444,14708,265
75,三个条件,14709,14868,160
76,琉璃金身诀,14869,15034,166
77,浮仙诀,15035,15194,160
78,小鹤归来,15195,15405,211
79,灵鹤空间,15406,15616,211
80,灵力淬体,15617,15818,202
81,炼气第九层,15819,15984,166
82,琉璃真身第一层,15985,16159,175
83,疯魔洞守护者,16160,16349,190
84,绝境爆发,16350,16506,157
85,疯魔洞第二层,16507,16702,196
86,金色汁液,16703,16874,172
87,千年柳木心,16875,17061,187
88,万魂鬼印,17062,17248,187
89,九叶剑心草,17249,17426,178
90,琉璃剑,17427,17634,208
91,琉璃结界,17635,17767,133
92,琉璃圣子方尘,17768,17954,187
93,灌顶传功,17955,18132,178
94,我师尊死了,18133,18304,172
95,守孝,18305,18449,145
96,神蚕宝衣,18450,18609,160
97,炼气第十层,18610,18802,193
98,猿王出现,18803,18977,175
99,魔焰吞天蟒,18978,19203,226
100,团灭缥缈宗弟子,19204,19534,331
101,小师叔,19535,19718,184
102,一只八哥,19719,19890,172
103,小纸鹤出手,19891,20074,184
104,你全家都是秃毛鸟,20075,20219,145
105,八哥带路,20220,20373,154
106,八卦门的石人阵,20374,20584,211
107,炼气第十一层,20585,20750,166
108,以力破阵,20751,20928,178
109,我这金钟阵你破不了,20929,21073,145
110,举轻若重,21074,21230,157
111,螳螂战阵,21231,21372,142
112,炼气第十二层,21373,21577,205
113,骑马僵尸,21578,21737,160
114,这功法不对劲,21738,21945,208
115,僵尸体内的珠子,21946,22192,247
116,终于死了,22193,22361,169
117,坐上王座吸灵力,22362,22527,166
118,炼气第十三层,22528,22714,187
119,抵达流丹河,22715,22922,208
120,石磊，王默，玉流烟,22923,23118,196
121,收割生命的死神,23119,23332,214
122,琉璃剑阵,23333,23516,184
123,稳占上风,23517,23682,166
124,这个家伙是恶魔,23683,23851,169
125,有种你们就别跑,23852,24023,172
126,流丹河里的丹药,24024,24195,172
127,前往上游吃丹药,24196,24388,193
128,丹药盛宴,24389,24587,199
129,远古天庭,24588,24780,193
130,炼气境界的极限,24781,24925,145
131,天帝是斗战圣体?,24926,25088,163
132,极道帝兵乾坤鼎,25089,25245,157
133,天道筑基丹,25246,25408,163
134,炼气第十五层,25409,25586,178
135,他们来自未来,25587,25788,202
136,天空中的巨眼,25789,26005,217
137,炼气第十七层,26006,26156,151
138,砍一剑就顿悟了,26157,26319,163
139,凝聚筑基道台,26320,26515,196
140,天罚降临,26516,26714,199
141,道友，借道台一用,26715,26895,181
142,不死药,26896,27043,148
143,服用不死药,27044,27221,178
144,秘境关闭,27222,27402,181
145,方尘苏醒,27403,27571,169
146,寿元增加,27572,27734,163
147,谁说我已经死了?,27735,27894,160
148,小师叔威武,27895,28102,208
149,拒绝邀请,28103,28250,148
150,天元学宫,28251,28410,160
151,禁地之门,28411,28594,184
152,九色烟莲,28595,28802,208
153,莲池修炼,28803,28947,145
154,疯狂提升,28948,29149,202
155,筑基第七层,29150,29315,166
156,宝物加身,29316,29490,175
157,骑天大圣,29491,29695,205
158,接引使者,29696,29888,193
159,杀戮开始,29889,30108,220
160,灵宝空间,30109,30298,190
161,一箭惊鸿,30299,30506,208
162,天箭与轮回眼,30507,30690,184
163,筑基第八层,30691,30877,187
164,夸父追日,30878,31040,163
165,通灵箭雨,31041,31248,208
166,榜首，太初圣地秦天,31249,31429,181
167,方尘战秦天,31430,31649,220
168,流星剑,31650,31893,244
169,开天辟地,31894,32095,202
170,第一名,32096,32270,175
171,丹师榜第三十二,32271,32442,172
172,进入天元学宫,32443,32623,181
173,灵心宫主,32624,32822,199
174,池底黑岩,32823,33015,193
175,帝术，上苍之手,33016,33199,184
176,筑基大圆满,33200,33368,169
177,五级权限,33369,33576,208
178,三种秘法,33577,33712,136
179,修炼帝术,33713,33863,151
180,帝术之威,33864,34056,193
181,幽州叶家,34057,34237,181
182,一箭全灭,34238,34490,253
183,大地魔熊,34491,34647,157
184,他叫骑天大圣,34648,34831,184
185,炼心桥,34832,34976,145
186,荒漠绿洲,34977,35154,178
187,特殊灵果,35155,35317,163
188,不解风情,35318,35528,211
189,天罚炼心,35529,35685,157
190,溯源丹,35686,35845,160
191,炼心桥第八层,35846,36077,232
192,反噬,36078,36252,175
193,金色印记,36253,36418,166
194,再见灵心,36419,36566,148
195,遗忘面具,36567,36702,136
196,恶魔之海,36703,36883,181
197,万马奔腾,36884,37055,172
198,绝世天才,37056,37254,199
199,钻研阵法,37255,37438,184
200,六阶阵法,37439,37631,193
201,阵法成功,37632,37830,199
202,第三枚印记,37831,38002,172
203,白灵长老,38003,38126,124
204,滴血洞,38127,38277,151
205,龟前辈,38278,38461,184
206,内丹,38462,38663,202
207,逆鳞天衣,38664,38826,163
208,两颗珠子,38827,38998,172
209,李清瑶,38999,39185,187
210,红石城,39186,39402,217
211,岳沧澜,39403,39568,166
212,不老花,39569,39737,169
213,苦海种青莲,39738,39927,190
214,上苍之手的威力,39928,40120,193
215,瑶池圣女,40121,40319,199
216,灵气潮汐,40320,40512,193
217,鱼跃龙门,40513,40738,226
218,肥鲤鱼,40739,40979,241
219,第八重天,40980,41148,169
220,须弥草,41149,41359,211
221,拼一把,41360,41552,193
222,山巅,41553,41769,217
223,回归,41770,41974,205
224,一百年,41975,42134,160
225,丹魔,42135,42330,196
226,凝丹秘法,42331,42487,157
227,金丹境界,42488,42689,202
228,七味真火,42690,42882,193
229,异象出,42883,43117,235
230,找人试丹,43118,43319,202
231,关键药引,43320,43530,211
232,天龙之怒,43531,43726,196
233,经验,43727,43889,163
234,开张,43890,44130,241
235,回头客,44131,44353,223
236,回宗,44354,44552,199
237,栽赃陷害,44553,44733,181
238,相见,44734,44914,181
239,方圣,44915,45110,196
240,金丹九转,45111,45294,184
241,震惊,45295,45475,181
242,神秘源界,45476,45725,250
243,青铜棺,45726,45969,244
244,碎空珠,45970,46204,235
245,九狱魔窟,46205,46424,220
246,画圈,46425,46578,154
247,进入魔窟,46579,46789,211
248,吞噬魔气,46790,46964,175
249,皇级血脉,46965,47142,178
250,天魔大阵,47143,47338,196
251,魔尊天下,47339,47579,241
252,十万魔刀,47580,47784,205
253,洞察天地,47785,47953,169
254,剑与道合,47954,48146,193
255,再次蜕变,48147,48291,145
256,破灭虚空,48292,48463,172
257,三大巨头,48464,48632,169
258,三大异象,48633,48795,163
259,城南禁地,48796,48946,151
260,黑色藤蔓,48947,49157,211
261,本体,49158,49323,166
262,完美金丹,49324,49489,166
263,混沌魔星藤,49490,49694,205
264,头骨,49695,49863,169
265,臣服,49864,50044,181
266,镇窟之宝,50045,50237,193
267,凝婴秘法,50238,50412,175
268,欲望魔蛛,50413,50563,151
269,欲望之海,50564,50711,148
270,直接捏爆,50712,50871,160
271,大墓,50872,51028,157
272,元神归来,51029,51212,184
273,弑母,51213,51426,214
274,灵骨,51427,51574,148
275,雷纹，圣骨,51575,51743,169
276,完全融合,51744,51933,190
277,结婴成功,51934,52108,175
278,混沌元婴,52109,52268,160
279,再遇魔山,52269,52452,184
280,封神领域,52453,52660,208
281,紫莲真君,52661,52823,163
282,离开魔窟,52824,52992,169
283,元婴太大,52993,53146,154
284,宗门困境,53147,53270,124
285,飞剑,53271,53412,142
286,百炼天地,53413,53542,130
287,黑色灵力,53543,53714,172
288,吞噬陨铁,53715,53901,187
289,白鹤师侄,53902,54085,184
290,紫焰灵丹,54086,54290,205
291,三种灵火,54291,54429,139
292,突破,54430,54613,184
293,巨人,54614,54776,163
294,它们很乖,54777,54960,184
295,寒云灵水,54961,55138,178
296,你还会啥?,55139,55307,169
297,凡尘剑,55308,55497,190
298,暴利,55498,55648,151
299,炼天炉,55649,55835,187
300,开炉,55836,56010,175
301,区区凡丹,56011,56191,181
302,都要吃,56192,56399,208
303,等人,56400,56583,184
304,当诱饵,56584,56812,229
305,他是恶魔,56813,57023,211
306,横扫,57024,57174,151
307,剿魔归来,57175,57328,154
308,偶遇,57329,57467,139
309,符胚,57468,57612,145
310,力量符,57613,57799,187
311,重炼,57800,57974,175
312,新财路,57975,58161,187
313,无敌分身,58162,58327,166
314,天一符圣,58328,58487,160
315,符圣降临,58488,58677,190
316,三成实力,58678,58840,163
317,令牌,58841,58994,154
318,圣符,58995,59157,163
319,人选,59158,59305,148
320,玉参王,59306,59450,145
321,白玉魔君,59451,59634,184
322,屠天地，斩众生,59635,59818,184
323,乱剑城,59819,59984,166
324,一剑灭一城,59985,60171,187
325,三大魔皇,60172,60322,151
326,提醒,60323,60473,151
327,三千万妖魔,60474,60627,154
328,策略,60628,60805,178
329,一对冤家,60806,60983,178
330,一起炼,60984,61146,163
331,药粉,61147,61348,202
332,都中毒了,61349,61553,205
333,起个名吧,61554,61713,160
334,道号浮仙,61714,61879,166
335,准备动手,61880,62039,160
336,毒发,62040,62217,178
337,战炎魔皇,62218,62392,175
338,无法突破,62393,62561,169
339,连续蜕变,62562,62748,187
340,三丈元婴,62749,62947,199
341,自行了断,62948,63113,166
342,元神秘法,63114,63300,187
343,碎体重生,63301,63460,160
344,本命飞剑,63461,63635,175
345,全力出手,63636,63876,241
346,自爆,63877,64063,187
347,元神境界,64064,64250,187
348,快要生了,64251,64428,178
349,一胎九个,64429,64636,208
350,潜力无限,64637,64826,190
351,伤势恶化,64827,65004,178
352,资料,65005,65173,169
353,空间风暴,65174,65384,211
354,临渊城,65385,65550,166
355,花臂和尚,65551,65698,148
356,杀秃驴,65699,65861,163
357,大胆狂徒,65862,66042,181
358,碾压,66043,66211,169
359,临渊城主,66212,66368,157
360,三星耀世,66369,66549,181
361,反击,66550,66721,172
362,城主落败,66722,66908,187
363,楼兰国主,66909,67086,178
364,临渊剑魔,67087,67255,169
365,进入深渊,67256,67403,148
366,挖眼睛,67404,67587,184
367,念经杀敌?,67588,67768,181
368,李清霞,67769,67949,181
369,地狱魔鬼蜂,67950,68115,166
370,天赋神通,68116,68257,142
371,接连突破,68258,68402,145
372,地狱噬神蜂,68403,68553,151
373,蜇一下,68554,68707,154
374,地狱狼蛛王,68708,68873,166
375,金元子,68874,69057,184
376,日出东方,69058,69253,196
377,如来神掌,69254,69443,190
378,金元子败走,69444,69582,139
379,准备炼丹,69583,69724,142
380,逆魂丹和养魂丹,69725,69878,154
381,双管齐下,69879,70044,166
382,异象翻炉,70045,70243,199
383,堪比圣药,70244,70397,154
384,小飞苏醒,70398,70590,193
385,玉璧,70591,70768,178
386,火璃圣人,70769,70928,160
387,关键技术,70929,71094,166
388,长蘑菇了,71095,71272,178
389,齐聚,71273,71420,148
390,抽签,71421,71601,181
391,特殊道纹,71602,71782,181
392,圣力?,71783,71939,157
393,仙灵之力,71940,72051,112
394,噬神印记,72052,72226,175
395,融合,72227,72371,145
396,无圣,72372,72516,145
397,别来无恙,72517,72682,166
398,数量翻倍,72683,72839,157
399,凌云圣人,72840,73017,178
400,求助,73018,73174,157
401,不给面子,73175,73325,151
402,对战圣人,73326,73491,166
403,准圣,73492,73654,163
404,元神再变,73655,73811,157
405,凌云剑域,73812,73965,154
406,吞噬圣力,73966,74134,169
407,夺剑,74135,74303,169
408,灭神剑,74304,74445,142
409,败逃,74446,74647,202
410,先说重点,74648,74771,124
411,定天符,74772,74931,160
412,走还是留?,74932,75064,133
413,阴阳石,75065,75197,133
414,拜访缥缈道主,75198,75345,148
415,明月圣人,75346,75478,133
416,圣土,75479,75593,115
417,出海,75594,75750,157
418,雷龙岛,75751,75901,151
419,精神世界,75902,76055,154
420,雷霆界狱,76056,76230,175
421,吞天螺壳,76231,76426,196
422,红莲地心火,76427,76568,142
423,吞噬圣火,76569,76707,139
424,三年之后,76708,76876,169
425,得加钱,76877,77039,163
426,圣人劫,77040,77229,190
427,渡劫,77230,77368,139
428,神灵雷,77369,77546,178
429,金色真龙,77547,77709,163
430,磐涅,77710,77905,196
431,圣人，方尘,77906,78059,154
432,不打算还,78060,78219,160
433,圣火渡劫,78220,78424,205
434,狗男女,78425,78602,178
435,双人劫,78603,78771,169
436,三位圣人,78772,78934,163
437,动手,78935,79109,175
438,以一敌三,79110,79290,181
439,破阵,79291,79456,166
440,方尘回归,79457,79625,169
441,燃烧圣印,79626,79779,154
442,琉璃钟发威,79780,79942,163
443,灭了吧!,79943,80090,148
444,连狗都不剩,80091,80289,199
445,孤独,80290,80449,160
446,浮仙圣人,80450,80624,175
447,邀请,80625,80787,163
448,宝山,80788,80953,166
449,抵达天符城,80954,81122,169
450,换道号?,81123,81303,181
451,神木谷,81304,81448,145
452,圣兽,81449,81587,139
453,崆峒神木,81588,81750,163
454,符成,81751,81940,190
455,分配,81941,82118,178
456,赠木,82119,82269,151
457,激活圣器,82270,82441,172
458,打开源界,82442,82628,187
459,琉璃城主,82629,82785,157
460,谁来当宗主?,82786,82942,157
461,相互推诿,82943,83090,148
462,琉璃金身第八变,83091,83214,124
463,葬剑谷,83215,83389,175
464,圣碑,83390,83537,148
465,琉璃天地,83538,83718,181
466,步入正轨,83719,83899,181
467,碎空珠的威力,83900,84071,172
468,红色圣龙,84072,84249,178
469,琉璃圣人的朋友,84250,84427,178
470,圣人战场,84428,84623,196
471,加入战斗,84624,84768,145
472,哪来的傻缺?,84769,84922,154
473,捆绑,84923,85103,181
474,对圣人拉屎,85104,85290,187
475,剥皮求生,85291,85456,166
476,拔箭,85457,85622,166
477,超级堡垒,85623,85803,181
478,援军抵达,85804,85969,166
479,魔族准帝,85970,86114,145
480,受伤的圣龙,86115,86235,121
481,排队治疗,86236,86410,175
482,南海特产,86411,86558,148
483,龙龟的请求,86559,86676,118
484,回炉,86677,86839,163
485,离开龙宫,86840,87002,163
486,禁锢空间,87003,87174,172
487,一盒土特产,87175,87316,142
488,赠珠,87317,87476,160
489,缥缈道主突破,87477,87642,166
490,天驰魔圣,87643,87784,142
491,攻击太弱,87785,87923,139
492,火璃圣人的后人,87924,88089,166
493,十位天才,88090,88264,175
494,不能空手去,88265,88427,163
495,神奇空间,88428,88611,184
496,小鹤说话,88612,88786,175
497,圣人无法传送,88787,88940,154
498,瑶池圣地,88941,89082,142
499,出手阔绰,89083,89233,151
500,湖尊,89234,89378,145
501,上苍之手第三层,89379,89550,172
502,攻击力飙升,89551,89713,163
503,天印圣人，阵法大师,89714,89927,214
504,吞噬魔气?,89928,90075,148
505,举手之劳而已,90076,90199,124
506,进入禁地,90200,90332,133
507,第九道结界,90333,90489,157
508,一根羽毛,90490,90628,139
509,拔出来,90629,90815,187
510,补天术,90816,90975,160
511,喝一杯如何?,90976,91111,136
512,第二劫,91112,91286,175
513,超级天劫,91287,91443,157
514,五雷分尸?,91444,91639,196
515,太极道图,91640,91811,172
516,云宗主出事了,91812,91965,154
517,中埋伏了,91966,92164,199
518,阵法激活,92165,92369,205
519,黑暗森林,92370,92568,199
520,吞噬魔藤,92569,92746,178
521,圣人自爆,92747,92924,178
522,毛又秃了,92925,93123,199
523,彻底恢复,93124,93316,193
524,天魔羽,93317,93494,178
525,秃驴欺人太甚,93495,93663,169
526,佛国的野心,93664,93808,145
527,两位圣佛,93809,93953,145
528,魂灯熄灭,93954,94131,178
529,放下屠刀?,94132,94318,187
530,探索遗迹,94319,94445,127
531,化形的玄玉参,94446,94632,187
532,玄玉参娃娃的爷爷,94633,94798,166
533,老爷爷苏醒,94799,94967,169
534,混沌噬心虫,94968,95130,163
535,论持久力?,95131,95296,166
536,到底谁吞噬谁?,95297,95441,145
537,我臣服,95442,95598,157
538,玄玉参的天赋,95599,95764,166
539,老参王死亡,95765,95906,142
540,一株圣莲,95907,96036,130
541,收集圣莲子,96037,96187,151
542,新的底牌,96188,96332,145
543,狄龙快生了,96333,96486,154
544,打碎玉璧,96487,96703,217
545,火璃圣人复活,96704,96860,157
546,谁都不想当宗主,96861,97017,157
547,火璃前辈，你是不是害怕了?,97018,97171,154
548,集体朝天竖中指,97172,97343,172
549,陈小飞要渡劫,97344,97485,142
550,渡劫之地,97486,97633,148
551,全部脱光吧,97634,97805,172
552,万事俱备,97806,97962,157
553,天劫降临,97963,98143,181
554,凤翔九天,98144,98306,163
555,天劫变强了,98307,98496,190
556,灭鸦圣人,98497,98665,169
557,爱上小师叔,98666,98849,184
558,青莲圣佛,98850,99036,187
559,装过头了,99037,99208,172
560,青莲映月,99209,99383,175
561,引狗入洞,99384,99555,172
562,天魔羽的威力,99556,99703,148
563,王八化形了,99704,99863,160
564,有种你自爆呀!,99864,100050,187
565,被炸上瘾了,100051,100231,181
566,浮仙绝影身法,100232,100397,166
567,再见魔星藤,100398,100590,193
568,魔星藤的名字,100591,100744,154
569,废弃的灵玉矿,100745,100883,139
570,重力罗盘,100884,101046,163
571,留给你们当口粮,101047,101212,166
572,加强吞噬能力,101213,101402,190
573,修复琉璃剑,101403,101586,184
574,寻找执剑人,101587,101761,175
575,圣钟九响,101762,101924,163
576,今非昔比,101925,102063,139
577,没灵根也可以修炼,102064,102214,151
578,重回狗头岭,102215,102398,184
579,我叫老登，还记得我吗?,102399,102534,136
580,王大厨,102535,102718,184
581,悠闲生活,102719,102875,157
582,执剑人云溯,102876,103083,208
583,接受传承,103084,103282,199
584,又一位准圣,103283,103463,181
585,火璃圣人的请求,103464,103644,181
586,升级成功,103645,103798,154
587,鱼和熊掌不可兼得,103799,103931,133
588,魔窟震动,103932,104094,163
589,天魔羽和魔窟有关系?,104095,104266,172
590,玩得太大了?,104267,104450,184
591,炼器还是炼符?,104451,104655,205
592,通灵剑符,104656,104812,157
593,流星泪,104813,104927,115
594,准圣分身,104928,105108,181
595,好多大哥哥,105109,105286,178
596,材料齐全了,105287,105446,160
597,浮仙剑的来历,105447,105591,145
598,剑鞘?,105592,105742,151
599,开始炼制流星泪,105743,105902,160
600,试验一下,105903,106074,172
601,流星泪的威力,106075,106252,178
602,以人为主,106253,106367,115
603,传授绝招,106368,106512,145
604,九重浪,106513,106633,121
605,九重浪(二),106634,106778,145
606,九重浪(三),106779,106914,136
607,传授绝技,106915,107032,118
608,灵液精华,107033,107186,154
609,灵液到手,107187,107316,130
610,小鹤送药,107317,107467,151
611,七重浪,107468,107639,172
612,魔星藤渡劫,107640,107826,187
613,没化形,107827,107986,160
614,降龙伏虎,107987,108119,133
615,冤家碰头,108120,108282,163
616,手下败将,108283,108406,124
617,无心圣佛,108407,108512,106
618,以一敌二,108513,108618,106
619,方尘，秃驴又杀来了!,108619,108763,145
620,修为低是硬伤,108764,108866,103
621,一剑通天,108867,108996,130
622,降龙伏魔棍,108997,109129,133
623,莲花印记,109130,109292,163
624,他还有帮手,109293,109437,145
625,这是什么绝招?,109438,109606,169
626,龙虎怪,109607,109787,181
627,九重浪vs龙虎怪,109788,109965,178
628,降龙伏虎，败,109966,110137,172
629,火璃圣人闭关,110138,110258,121
630,大劫将至,110259,110385,127
631,震惊的天一符圣,110386,110527,142
632,巨头谈崩了,110528,110678,151
633,给小鹤派任务,110679,110859,181
634,金蛇圣佛,110860,111013,154
635,劫云见我绕路跑,111014,111203,190
636,内心骚动的分身,111204,111345,142
637,花爷，来喝酒啊!,111346,111547,202
638,蘑菇仙子,111548,111710,163
639,攻击他们的大本营,111711,111882,172
640,佛国的超级舰队,111883,112015,133
641,深入佛土,112016,112172,157
642,佛国来袭,112173,112323,151
643,抵达南荒,112324,112483,160
644,护山大阵的威力,112484,112628,145
645,弹指间灰飞烟灭,112629,112794,166
646,流星泪显威,112795,112939,145
647,炸死这些秃驴,112940,113096,157
648,准备用大招,113097,113271,175
649,九重浪再现,113272,113431,160
650,旗舰毁灭,113432,113588,157
651,寿元无多,113589,113739,151
652,震惊蛮荒,113740,113914,175
653,服用玉参王,113915,114050,136
654,印制传单,114051,114192,142
655,佛国地图,114193,114340,148
656,造势,114341,114509,169
657,表演即将开始,114510,114654,145
658,炸佛塔,114655,114817,163
659,震惊人族,114818,115001,184
660,佛主的野心,115002,115134,133
661,先斩后奏,115135,115261,127
662,建造传送阵的方法,115262,115403,142
663,拿八哥来练剑,115404,115548,145
664,我这里有酒,115549,115717,169
665,天圣榜,115718,115859,142
666,争取早日成圣,115860,115983,124
667,龙族来人,115984,116119,136
668,又送特产,116120,116267,148
669,赠符,116268,116421,154
670,寂灭星辰,116422,116566,145
671,逆天搭档,116567,116729,163
672,异象融合,116730,116895,166
673,金色流星泪,116896,117091,196
674,火璃圣人要渡劫,117092,117269,178
675,火璃圣人的第九次圣人劫,117270,117420,151
676,穿透一切的金色印记,117421,117577,157
677,黑手还在,117578,117719,142
678,渡劫成功,117720,117855,136
679,好多流星泪,117856,117997,142
680,我想去幽州,117998,118139,142
681,抵达幽州,118140,118314,175
682,改日再来,118315,118447,133
683,红叶圣人,118448,118598,151
684,没钱,118599,118746,148
685,云轩符圣,118747,118900,154
686,叶家天牢,118901,119057,157
687,闯禁地,119058,119208,151
688,叶家的底蕴,119209,119377,169
689,嗅天犬,119378,119534,157
690,又一坨鸟屎,119535,119697,163
691,臭气熏天,119698,119866,169
692,主人，救我,119867,120056,190
693,剥狗皮,120057,120213,157
694,进入天牢,120214,120346,133
695,玄黄旗,120347,120515,169
696,愤怒的叶弥天,120516,120711,196
697,救人,120712,120904,193
698,兄妹重逢,120905,121061,157
699,吸髓灵针,121062,121227,166
700,护妹狂,121228,121378,151
701,幽冥圣体和寂灭仙瞳,121379,121496,118
702,麒麟圣体,121497,121605,109
703,疗伤,121606,121744,139
704,寂灭仙经,121745,121919,175
705,结晶,121920,122088,169
706,断臂重生,122089,122221,133
707,麒麟道图,122222,122366,145
708,叶家少主叶辰,122367,122529,163
709,暴怒的叶辰,122530,122668,139
710,叶青瓷的蜕变,122669,122813,145
711,打我一下试试?,122814,122958,145
712,方尘的心上人?,122959,123139,181
713,云千雪的伤势,123140,123290,151
714,修复道台的方法,123291,123465,175
715,道台破碎,123466,123634,169
716,云千雪渡劫,123635,123785,151
717,斩心魔,123786,123939,154
718,千雪圣人,123940,124099,160
719,第四次圣人劫,124100,124271,172
720,一起接受洗礼,124272,124470,199
721,叶青瓷苏醒,124471,124618,148
722,火璃圣人的剑印,124619,124769,151
723,她就是蘑菇仙子,124770,124953,184
724,眼睛恢复,124954,125122,169
725,邀请加入琉璃剑宗,125123,125249,127
726,靓女俊男,125250,125424,175
727,你们怎么不早说?,125425,125578,154
728,全部都同意,125579,125747,169
729,琉璃剑宗的人太好,125748,125874,127
730,小伊的本体,125875,126067,193
731,从圣土归来,126068,126191,124
732,把那两个贱种抓回来,126192,126360,169
733,叶家来人,126361,126514,154
734,火璃圣人出手,126515,126653,139
735,看你能忍到什么时候,126654,126816,163
736,袖里乾坤,126817,126952,136
737,乾坤罩的威力,126953,127088,136
738,方尘vs嗅天犬,127089,127251,163
739,那只狗好肥,127252,127387,136
740,嗅天犬的真正实力,127388,127559,172
741,混沌空间激战,127560,127716,157
742,疯狂吞噬,127717,127849,133
743,气急败坏的嗅天犬,127850,128012,163
744,有种你就自爆,128013,128187,175
745,欢迎你们来找茬,128188,128353,166
746,屠狗,128354,128498,145
747,要不把这狗炖了吧,128499,128631,133
748,此乃大补之物,128632,128800,169
749,请人,128801,128957,157
750,再临瑶池圣地,128958,129117,160
751,请你赴宴,129118,129244,127
752,我能带几个兄弟去吗?,129245,129404,160
753,那是灵犬圣人的狗,129405,129564,160
754,魔族在南海的老巢,129565,129685,121
755,等我好消息,129686,129827,142
756,准备撤离,129828,129972,145
757,听我的，不用担心,129973,130180,208
758,杀死那个人族,130181,130385,205
759,方尘vs天驰魔圣,130386,130554,169
760,一浪接一浪,130555,130738,184
761,斩黑白魔圣,130739,130910,172
762,杀招尽出,130911,131091,181
763,清缴魔巢,131092,131260,169
764,河伯厨圣来了,131261,131408,148
765,齐聚逍遥岛,131409,131577,169
766,哪位是方尘道友?,131578,131719,142
767,你小子有种,131720,131861,142
768,激活混沌天狗血脉,131862,132021,160
769,起锅烧水,132022,132193,172
770,四个腰子,132194,132332,139
771,宾客齐聚,132333,132519,187
772,狗肉宴开始,132520,132703,184
773,蟠桃盛会邀请帖,132704,132881,178
774,宾客离去,132882,133044,163
775,黑炎道主渡劫,133045,133210,166
776,黑色丹炉,133211,133379,169
777,粉身碎骨,133380,133530,151
778,黑炎圣人,133531,133681,151
779,缥缈道主渡劫,133682,133871,190
780,继续留在琉璃剑宗,133872,134040,169
781,吃狗画面公布,134041,134203,163
782,灵犬圣人气吐血了,134204,134360,157
783,狗肉的效果很好,134361,134523,163
784,炼制战甲,134524,134671,148
785,噬神战甲,134672,134831,160
786,琉璃源界的藏书阁,134832,134988,157
787,八哥的分身术,134989,135157,169
788,阴阳长寿功,135158,135302,145
789,分身渡劫,135303,135486,184
790,合体,135487,135667,181
791,传授噬神诀,135668,135821,154
792,长生贴,135822,135972,151
793,炼制心劫丹,135973,136132,160
794,豆荚内的丹药,136133,136295,163
795,看望红河圣人,136296,136446,151
796,修复筑基道台,136447,136573,127
797,古岩圣人,136574,136721,148
798,紫色火焰印记,136722,136845,124
799,三种先天道图,136846,137014,169
800,火璃圣人的天劫,137015,137177,163
801,堪称仙术,137178,137382,205
802,不灭仙经第二层,137383,137557,175
803,做好被灭宗的准备,137558,137702,145
804,再临南海龙宫,137703,137859,157
805,帮龙龟一把,137860,138007,148
806,安顿好分身,138008,138173,166
807,玉皇搬血经,138174,138327,154
808,抵达长生谷,138328,138505,178
809,有很多熟人,138506,138671,166
810,乾坤圣主,138672,138816,145
811,混沌圣主,138817,138979,163
812,仇人相见,138980,139133,154
813,梦公子?,139134,139311,178
814,无限接近准帝的岳沧澜,139312,139435,124
815,十万年前的李长生,139436,139583,148
816,长生锁,139584,139743,160
817,虚空灵舟,139744,139933,190
818,不要回头,139934,140099,166
819,青岩仙巢,140100,140250,151
820,各显神通,140251,140413,163
821,先酝酿一下,140414,140585,172
822,一剑斩一根,140586,140787,202
823,越砍越厉害,140788,140956,169
824,时间到了,140957,141116,160
825,全场最牛的人,141117,141267,151
826,方尘的担忧,141268,141421,154
827,空间坍塌,141422,141578,157
828,我又要渡劫了,141579,141765,187
829,在混沌虚空渡劫,141766,141937,172
830,尾随,141938,142100,163
831,炼制长生丹,142101,142272,172
832,好事连连,142273,142420,148
833,禁地中的石碑,142421,142571,151
834,再临琉璃剑宗,142572,142719,148
835,九劫圣人陨落,142720,142906,187
836,舰队覆灭,142907,143075,169
837,疑似琉璃圣人?,143076,143217,142
838,悟道茶树的残枝,143218,143362,145
839,九品圣火,143363,143510,148
840,长生丹出炉,143511,143703,193
841,连人也要偷走吗?,143704,143863,160
842,青岩仙丹,143864,144011,148
843,藏经阁被洗劫了,144012,144150,139
844,传承禁地也被偷了,144151,144319,169
845,连地底灵脉都挖走,144320,144485,166
846,先弄进魔窟,144486,144663,178
847,收服白灵圣火,144664,144808,145
848,你们一起上吧,144809,144953,145
849,我们认输了,144954,145089,136
850,让长生谷的人来整理宝贝,145090,145273,184
851,激动的青元圣人,145274,145433,160
852,找天机阁来查,145434,145572,139
853,震惊的李长生,145573,145684,112
854,送丹上门,145685,145814,130
855,既然来了，就别走了,145815,145953,139
856,如果我偏要走呢?,145954,146068,115
857,齐聚一堂,146069,146207,139
858,那火璃圣人太强了,146208,146322,115
859,古虞圣人的大胆决定,146323,146440,118
860,去南海接人,146441,146582,142
861,带着传送阵回去,146583,146772,190
862,驱逐李长生,146773,146929,157
863,投奔琉璃剑宗,146930,147065,136
864,白衣圣人,147066,147216,151
865,投奔叶家,147217,147349,133
866,痛苦的叶辰,147350,147488,139
867,李长生的办法,147489,147642,154
868,转移长生源界,147643,147793,151
869,传送阵布置好了,147794,147944,151
870,发布公告,147945,148164,220
871,报团取暖,148165,148297,133
872,混沌圣主到访,148298,148460,163
873,接见岳沧澜,148461,148611,151
874,从长生谷偷回来的,148612,148756,145
875,方尘vs岳凡,148757,148907,151
876,可惜他命轮有缺,148908,149052,145
877,狗头岭找王大厨,149053,149206,154
878,火璃前辈要招待贵客,149207,149363,157
879,这酒也是偷的?,149364,149538,175
880,修炼长生诀,149539,149701,163
881,长生大帝,149702,149855,154
882,长寿之法,149856,149997,142
883,长生经,149998,150130,133
884,残魂消散,150131,150266,136
885,欲往圣土,150267,150408,142
886,北冥城,150409,150568,160
887,偶遇熟人,150569,150731,163
888,无法出海了,150732,150888,157
889,远水救不了近火,150889,151030,142
890,一上来就挥剑捅人,151031,151190,160
891,震惊北冥宗,151191,151296,106
892,假装昏迷,151297,151432,136
893,排查奸细,151433,151553,121
894,最有嫌疑的人,151554,151689,136
895,你也会布阵?,151690,151801,112
896,略有造诣而已,151802,151910,109
897,幕后黑手,151911,152046,136
898,空冥圣人,152047,152206,160
899,对战空冥圣人,152207,152351,145
900,北冥困仙大阵,152352,152490,139
901,九重浪破阵,152491,152620,130
902,魔种,152621,152747,127
903,解决魔种的办法,152748,152895,148
904,我师兄是琉璃圣人,152896,153061,166
905,分工合作,153062,153197,136
906,谁说我只有一种圣火?,153198,153336,139
907,这就是他的实力?,153337,153505,169
908,匠神,153506,153632,127
909,修复碧海神舟,153633,153756,124
910,吃一顿再走,153757,153913,157
911,你一只鸟喝什么茶?,153914,154055,142
912,你是不是喜欢我?,154056,154206,151
913,寂灭仙经第七层,154207,154345,139
914,愤怒的叶空,154346,154520,175
915,难道你不想嫁给我吗?,154521,154680,160
916,终成眷属,154681,154855,175
917,叶空渡劫,154856,155027,172
918,大家集合,155028,155235,208
919,大家一起蹭本源洗礼,155236,155458,223
920,你哥他谈过恋爱吗?,155459,155666,208
921,传送阵修好了,155667,155808,142
922,开始测试,155809,155971,163
923,传送阵真的是好用,155972,156116,145
924,准备去东海,156117,156273,157
925,浮仙道友来了,156274,156448,175
926,不惜一切代价，杀死那个人族,156449,156620,172
927,独战九劫魔圣,156621,156798,178
928,镇压天宏魔圣,156799,156991,193
929,碧螺岛主,156992,157139,148
930,大功告成,157140,157281,142
931,东海龙王,157282,157417,136
932,天龙珠,157418,157574,157
933,浮仙道友准备出绝招了,157575,157722,148
934,这一切都是幻觉!,157723,157909,187
935,天魔七杀阵,157910,158075,166
936,刺穿结界,158076,158238,163
937,破开天魔七杀阵,158239,158404,166
938,东海龙王陨落,158405,158585,181
939,混沌魔星藤渡劫,158586,158748,163
940,混沌魔星藤渡劫2,158749,158917,169
941,实力暴涨的混沌魔星藤,158918,159068,151
942,前往西海,159069,159219,151
943,邪心魔圣,159220,159424,205
944,北海魔族跑路了,159425,159584,160
945,混沌魔星藤出手,159585,159777,193
946,给我往死里炸,159778,159973,196
947,混沌圣地来消息了,159974,160148,175
948,前往混沌圣地,160149,160335,187
949,混沌圣主的条件,160336,160459,124
950,战斗结果,160460,160646,187
951,天轮秘典,160647,160794,148
952,对手就在眼前,160795,160945,151
953,八哥的实力,160946,161120,175
954,叶青瓷的决定,161121,161310,190
955,邀请帖发光了,161311,161443,133
956,豪气的明月圣人,161444,161621,178
957,吃完饭再走,161622,161790,169
958,来长生谷送贴,161791,161935,145
959,他们的帖子肯定是买的,161936,162080,145
960,这个云花到底是怎么搞的?,162081,162237,157
961,全部都是贵宾贴,162238,162397,160
962,蟠桃园入口的老柳树,162398,162560,163
963,进入蟠桃园,162561,162711,151
964,白霜圣人,162712,162838,127
965,问题来自地下,162839,162980,142
966,青天魔虫,162981,163140,160
967,这虫子还有用,163141,163294,154
968,先吃为敬,163295,163439,145
969,要用圣火烤过才能吃,163440,163569,130
970,采摘蟠桃,163570,163696,127
971,万年蟠桃园,163697,163835,139
972,万年的蟠桃树,163836,163932,97
973,万年蟠桃园的秘密,163933,164065,133
974,老天爷不敢劈我了,164066,164189,124
975,挖不动了,164190,164331,142
976,抓虫子,164332,164455,124
977,焕发生机的老柳树,164456,164603,148
978,瑶池天宫,164604,164778,175
979,七彩虹桥,164779,164947,169
980,叶家的人也来了,164948,165107,160
981,她是方尘的道侣,165108,165264,157
982,大伯叶寻?,165265,165436,172
983,叶青瓷出手,165437,165626,190
984,混元幽冥圣体的实力,165627,165786,160
985,叶家的人瞎了眼,165787,165940,154
986,你自己怕死就直说,165941,166070,130
987,最受欢迎的人,166071,166218,148
988,瑶池圣主,166219,166360,142
989,似曾相识的感觉,166361,166517,157
990,桃花茶,166518,166704,187
991,你有可能失忆了,166705,166855,151
992,她看你的眼神不一样,166856,166988,133
993,瑶池圣主的拥抱,166989,167115,127
994,柳前辈这是怎么了?,167116,167233,118
995,混沌钟,167234,167357,124
996,一片桃叶的威力,167358,167490,133
997,噬神印记与万年桃树,167491,167644,154
998,蟠桃树发芽了,167645,167789,145
999,他不是我想要的梦公子,167790,167925,136
1000,龙族又送宝贝来了,167926,168088,163
1001,要自创功法,168089,168239,151
1002,一万多滴流星泪,168240,168363,124
1003,那是小师叔在练剑,168364,168532,169
1004,神秘的空间漩涡,168533,168695,163
1005,空间漩涡形成的原因,168696,168816,121
1006,创造剑法的方向,168817,168967,151
1007,一剑轮回,168968,169148,181
1008,方尘对战火璃圣人,169149,169314,166
1009,一剑轮回的威力,169315,169468,154
1010,天剑老人,169469,169595,127
1011,分配流星泪,169596,169731,136
1012,两样宝贝,169732,169864,133
1013,你才是最辛苦的人,169865,169991,127
1014,炼制混元无极珠,169992,170145,154
1015,混元无极珠的威力,170146,170323,178
1016,抵挡灵魂攻击,170324,170474,151
1017,缥缈无踪符,170475,170640,166
1018,再次入梦,170641,170809,169
1019,一睡三年,170810,170969,160
1020,修炼成功,170970,171126,157
1021,我请你哥吃饭,171127,171301,175
1022,再临北冥宗,171302,171458,157
1023,准备起航,171459,171615,157
1024,抵达码头,171616,171754,139
1025,登船,171755,171929,175
1026,小黑狗的父亲,171930,172071,142
1027,爹，弄死他,172072,172228,157
1028,儿子，救我,172229,172445,217
1029,更加完整的天轮秘典,172446,172608,163
1030,命轮的变化,172609,172738,130
1031,抵达圣土,172739,172907,169
1032,难道他们不怕被偷家吗?,172908,173046,139
1033,碧水麒麟兽,173047,173203,157
1034,开始挖药,173204,173384,181
1035,寸草不留,173385,173499,115
1036,前方有圣兽群落,173500,173620,121
1037,紫瞳雷炎蛟,173621,173780,160
1038,他只是七劫圣人?,173781,173952,172
1039,一条小蛇，我自己能解决,173953,174118,166
1040,绕字诀,174119,174251,133
1041,探路先锋小纸鹤,174252,174399,148
1042,准帝境界的荒龙,174400,174550,151
1043,一片富饶的山脉,174551,174680,130
1044,先找个地方渡劫吧,174681,174852,172
1045,一千二百根柱子,174853,175021,169
1046,排队渡劫,175022,175166,145
1047,风铃树,175167,175323,157
1048,疯狂的混沌魔星藤,175324,175498,175
1049,树奴,175499,175631,133
1050,发现无敌圣兽,175632,175770,139
1051,火璃圣人vs神翼霸王狮王,175771,175969,199
1052,你们是不是对方尘自信过头了?,175970,176093,124
1053,浮仙长老太疯狂,176094,176247,154
1054,身法再度突破,176248,176353,106
1055,堪比无敌圣人,176354,176468,115
1056,强势碾压,176469,176589,121
1057,对战神翼霸王狮王,176590,176722,133
1058,狮王变身,176723,176828,106
1059,困兽之斗,176829,176955,127
1060,九重浪完接着浪,176956,177064,109
1061,冲破阵法，狮王败退,177065,177191,127
1062,寻找修炼之地,177192,177315,124
1063,红土荒原,177316,177448,133
1064,朝着荒原深处前进,177449,177569,121
1065,红土荒原的中心,177570,177675,106
1066,提炼风铃果,177676,177802,127
1067,浮仙大阵,177803,177923,121
1068,炼天炉传出的风铃声,177924,178086,163
1069,风铃果精油,178087,178225,139
1070,紫薇圣人的请求,178226,178361,136
1071,混沌魔星藤讨厌的东西,178362,178497,136
1072,这玩意不像天圣丹,178498,178639,142
1073,我不是那种小气的人,178640,178787,148
1074,这结界有点特殊,178788,178911,124
1075,突破结界,178912,179062,151
1076,深渊裂缝下的石头怪,179063,179219,157
1077,地底杀进三千里,179220,179364,145
1078,紫眼石怪,179365,179515,151
1079,一块神奇的石碑,179516,179669,154
1080,可以压制圣心丹的药力,179670,179775,106
1081,这石碑忽然发光了,179776,179932,157
1082,火璃前辈石化了,179933,180095,163
1083,悬空的魔石,180096,180252,157
1084,这块盆地有古怪,180253,180397,145
1085,准帝级的石头怪,180398,180551,154
1086,浮仙长老回来了,180552,180681,130
1087,在火璃圣人身边修炼,180682,180805,124
1088,神山脚下的石窟,180806,180935,130
1089,神山之巅,180936,181083,148
1090,神山要下沉了,181084,181279,196
1091,沉入地底,181280,181466,187
1092,偶遇明月圣人,181467,181659,193
1093,魔族强者,181660,181819,160
1094,宝物出世,181820,181976,157
1095,两位无敌魔圣,181977,182121,145
1096,抢夺碎石,182122,182266,145
1097,他是人族的无敌圣人,182267,182438,172
1098,以一敌二?有意思吗?,182439,182580,142
1099,重创红岩魔圣,182581,182767,187
1100,青光魔圣，打入轮回,182768,182942,175
1101,魔星藤又要渡劫,182943,183105,163
1102,两个天劫漩涡,183106,183250,145
1103,魔星藤的本命灵珠,183251,183413,163
1104,护体灵光破碎,183414,183552,139
1105,宝物到手,183553,183712,160
1106,可否以借阵法一用?,183713,183836,124
1107,有钱一切好商量,183837,183975,139
1108,再炼心劫丹,183976,184126,151
1109,这心劫丹太厉害,184127,184238,112
1110,这些魔族好嚣张,184239,184395,157
1111,杀一个无敌圣人给你们看看,184396,184507,112
1112,裂空魔圣,184508,184673,166
1113,他竟然也是无敌圣人?,184674,184827,154
1114,天魔解体大法,184828,184963,136
1115,八哥的搜魂秘法,184964,185108,145
1116,魔族强者的记忆,185109,185250,142
1117,想称霸圣土的魔族,185251,185353,103
1118,众人拾柴火焰高,185354,185471,118
1119,八卦阵图,185472,185628,157
1120,三千六百根阵桩,185629,185761,133
1121,他是琉璃圣人的后人,185762,185915,154
1122,魔族使者,185916,186066,151
1123,浮仙大阵强化成功,186067,186205,139
1124,魔族的真正实力,186206,186341,136
1125,紫目金刚巨猿,186342,186468,127
1126,收服猿王,186469,186616,148
1127,前往魔族营地,186617,186773,157
1128,魔音炮,186774,186900,127
1129,磨刀不费砍柴工,186901,187027,127
1130,炼制醉仙散,187028,187160,133
1131,结出很多大西瓜,187161,187326,166
1132,想一个折中的法子,187327,187480,154
1133,捏碎丹药就晕倒,187481,187631,151
1134,醉仙丹,187632,187770,139
1135,营地的情况摸清了,187771,187957,187
1136,醉仙丹的威力,187958,188114,157
1137,疯狂扫荡,188115,188322,208
1138,尸皇菌,188323,188497,175
1139,杀进蜂巢,188498,188660,163
1140,收取蜂巢,188661,188799,139
1141,不好了，宝库被偷了,188800,188986,187
1142,暂时保密,188987,189134,148
1143,收割蜂蜜,189135,189309,175
1144,研究彩色碎片,189310,189451,142
1145,碎片与浮仙剑融合,189452,189611,160
1146,一不小心玩大了,189612,189765,154
1147,抓紧时间修炼吧,189766,189919,154
1148,炼丹炉底部的炉渣,189920,190079,160
1149,再度出发,190080,190239,160
1150,二十三号营地,190240,190387,148
1151,被发现了,190388,190601,214
1152,改变计划,190602,190794,193
1153,一根毛都没留下,190795,191029,235
1154,流光使者到来,191030,191189,160
1155,遭遇伏击,191190,191370,181
1156,对方一上来就踹脸,191371,191542,172
1157,激战流光使者,191543,191702,160
1158,九重浪之后的那一抹灵光,191703,191859,157
1159,砸破封魔幡,191860,192031,172
1160,灵魂反噬，气血亏空,192032,192194,163
1161,我的剑呢?,192195,192363,169
1162,紫目金刚巨猿的祖地,192364,192502,139
1163,松子的作用,192503,192662,160
1164,圣水,192663,192774,112
1165,猿王蜕变,192775,192907,133
1166,猿王叛变,192908,193088,181
1167,那我就和它打一场,193089,193263,175
1168,方尘vs紫目金刚巨猿王,193264,193405,142
1169,弄死它们，一个不留!,193406,193583,178
1170,杀死那大虫子,193584,193713,130
1171,化身为血神,193714,193879,166
1172,浮仙道友牛逼,193880,194042,163
1173,猿王败逃,194043,194223,181
1174,前往紫目金刚巨猿祖地,194224,194344,121
1175,对紫目金刚巨猿搜魂,194345,194507,163
1176,花道友好肥啊,194508,194667,160
1177,无敌圣人，花道友,194668,194854,187
1178,超级空间风暴爆发,194855,194993,139
1179,一块黑色石头,194994,195174,181
1180,挖洞能手出马,195175,195340,166
1181,八哥的绝招,195341,195503,163
1182,提升混沌噬心虫的实力,195504,195657,154
1183,浮仙道友没上船,195658,195844,187
1184,回归蛮荒大陆,195845,196013,169
1185,消息传开,196014,196152,139
1186,忌惮白衣圣人,196153,196285,133
1187,损失惨重的魔族,196286,196409,124
1188,穿越蛮荒之海的风暴,196410,196554,145
1189,松果仁配圣水,196555,196717,163
1190,洞穴完成,196718,196895,178
1191,北海龙族转移,196896,197037,142
1192,风暴抵达蛮荒大陆,197038,197185,148
1193,超级稳固的青阳界,197186,197312,127
1194,风暴平息,197313,197454,142
1195,石头停止翻滚了?,197455,197617,163
1196,终于出来了,197618,197762,145
1197,一座岛屿,197763,197907,145
1198,大家抓紧时间渡劫,197908,198076,169
1199,明月圣人第八劫,198077,198206,130
1200,想把黑色石头带走,198207,198393,187
1201,喜欢石头的补天女神,198394,198529,136
1202,炼化黑色石头的方法,198530,198710,181
1203,这石头太重,198711,198885,175
1204,突破，大日佛帝,198886,199045,160
1205,可惜，他回不来了,199046,199145,100
1206,琉璃剑宗的准备,199146,199281,136
1207,准帝印记,199282,199405,124
1208,分身第八劫,199406,199574,169
1209,让天劫更猛一些吧,199575,199761,187
1210,神秘的召唤感,199762,199972,211
1211,白衣圣人再现?,199973,200189,217
1212,融合分身战降龙伏虎,200190,200340,151
1213,混沌青莲异象,200341,200566,226
1214,龙虎兽人,200567,200750,184
1215,琉璃钟的威力,200751,200943,193
1216,这琉璃钟不像圣器,200944,201118,175
1217,无名无姓,201119,201305,187
1218,再次被震惊的人族强者,201306,201453,148
1219,那召唤感又出现了,201454,201625,172
1220,云千雪的决定,201626,201800,175
1221,破开大阵的方法,201801,201972,172
1222,找无名前辈,201973,202147,175
1223,叶青瓷闭关的小屋,202148,202325,178
1224,大难临头各自飞?,202326,202479,154
1225,大日佛帝，如来神掌,202480,202630,151
1226,进入青阳界,202631,202778,148
1227,晶石破碎,202779,202959,181
1228,叶青瓷醒来,202960,203077,118
1229,仙女散花,203078,203234,157
1230,佛帝陀罗花,203235,203394,160
1231,叶青瓷战大日佛帝,203395,203566,172
1232,黑色佛珠,203567,203747,181
1233,寂灭瞳光，方尘归来,203748,203943,196
1234,本命佛光,203944,204127,184
1235,黑色指头砸光头,204128,204287,160
1236,压制大日佛帝,204288,204423,136
1237,双眼消失了,204424,204583,160
1238,叶青瓷的命太苦,204584,204722,139
1239,两个办法,204723,204879,157
1240,快速提升实力的办法,204880,204994,115
1241,随叫随到,204995,205154,160
1242,小伊醒了,205155,205290,136
1243,这圣心丹很合口味,205291,205429,139
1244,稀释圣水的办法,205430,205574,145
1245,召唤感的根源,205575,205758,184
1246,佛国的舰队又被灭了?,205759,205903,145
1247,青竹圣人,205904,206069,166
1248,我们是过来帮忙的,206070,206226,157
1249,他们都是主动去的,206227,206371,145
1250,方尘出关了,206372,206540,169
1251,混元周天星辰大阵,206541,206691,151
1252,吸收星辰之力,206692,206839,148
1253,送大家一场造化,206840,206996,157
1254,八劫圣人，方尘,206997,207159,163
1255,七彩圣莲,207160,207346,187
1256,一群不要脸的东西,207347,207533,187
1257,古虞圣人成功了,207534,207681,148
1258,古虞圣人的研究成果,207682,207808,127
1259,吸收升水的力量,207809,207932,124
1260,重建渡劫之地,207933,208095,163
1261,青草大阵,208096,208234,139
1262,好多草,208235,208427,193
1263,青草大阵的威力,208428,208602,175
1264,天火劫,208603,208753,151
1265,这位道友，先别急,208754,208889,136
1266,浮仙圣人要来,208890,209058,169
1267,雷云圣人,209059,209218,160
1268,混沌圣地的渡劫之地,209219,209378,160
1269,白阳圣人,209379,209505,127
1270,破心魔劫,209506,209665,160
1271,再见岳沧澜,209666,209783,118
1272,归还秘籍,209784,209904,121
1273,一千颗心劫丹,209905,210031,127
1274,震惊的岳沧澜,210032,210188,157
1275,欲速则不达,210189,210303,115
1276,第二位准帝,210304,210493,190
1277,研究黑色石头,210494,210635,142
1278,玩一点刺激的,210636,210756,121
1279,准备主动出击,210757,210901,145
1280,给他们一点颜色看看,210902,211040,139
1281,先下手为强,211041,211131,91
1282,灵魂印记松动,211132,211270,139
1283,抵达叶家的地盘,211271,211391,121
1284,冰晶独角虎,211392,211578,187
1285,这是我的主人,211579,211729,151
1286,噬心虫的徒弟,211730,211850,121
1287,星辰山脉,211851,212037,187
1288,他是浮仙圣人,212038,212170,133
1289,特殊的星辰玉,212171,212285,115
1290,星辰玉矿场,212286,212424,139
1291,进入矿洞,212425,212578,154
1292,特殊的灵魂攻击,212579,212714,136
1293,收取星辰玉,212715,212865,151
1294,叶家的阵法大师,212866,213019,154
1295,云蝎圣人,213020,213158,139
1296,碧落玄黄剑,213159,213297,139
1297,叶谭摇人,213298,213445,148
1298,紫薇圣人的决定,213446,213605,160
1299,这个阵法太完美,213606,213738,133
1300,叶家的隐忍,213739,213853,115
1301,玉髓空间,213854,213968,115
1302,神秘珠子,213969,214119,151
1303,撕裂灵魂,214120,214234,115
1304,炼天炉受损,214235,214358,124
1305,收入星辰戒,214359,214491,133
1306,主人要发大招了,214492,214672,181
1307,挖空星辰山脉,214673,214844,172
1308,下一个目标,214845,215022,178
1309,是那方尘干的,215023,215227,205
1310,他们去紫晶山脉了,215228,215348,121
1311,叶家大比,215349,215475,127
1312,准备对玄黄城动手,215476,215611,136
1313,极道帝兵玄黄钟,215612,215774,163
1314,大比开始,215775,215904,130
1315,你难道不怕天谴吗?,215905,216055,151
1316,叶弥天的怒火,216056,216203,148
1317,震动蛮荒大陆,216204,216348,145
1318,准备联手,216349,216502,154
1319,无功而返,216503,216632,130
1320,紫晶山脉也被挖空了,216633,216792,160
1321,杀出一条血路,216793,216943,151
1322,魔窟出圣人了,216944,217112,169
1323,炼器用混沌巨人异象?,217113,217263,151
1324,异象齐出,217264,217420,157
1325,我们要不要偷袭一下?,217421,217589,169
1326,炼天炉的变化,217590,217758,169
1327,黑色的流星泪,217759,217888,130
1328,震慑魔族,217889,218066,178
1329,排队领取流星泪,218067,218220,154
1330,叶空的情况,218221,218362,142
1331,帮分身炼制法宝,218363,218507,145
1332,天湖,218508,218646,139
1333,琉璃塔,218647,218782,136
1334,进入琉璃塔,218783,218954,172
1335,试炼之地不见了?,218955,219072,118
1336,再遇黑鳞红叶松,219073,219238,166
1337,又一座困仙大阵?,219239,219380,142
1338,再临神秘山谷,219381,219513,133
1339,古城终现,219514,219667,154
1340,诡异红雾,219668,219818,151
1341,神奇街道,219819,219966,148
1342,残破古鼎,219967,220138,172
1343,无法认主,220139,220274,136
1344,再见幽冥花,220275,220401,127
1345,他们是我的朋友,220402,220555,154
1346,又一口棺材,220556,220721,166
1347,无意冒犯,220722,220875,154
1348,你竟然想砍我?,220876,221056,181
1349,第九层琉璃金身诀,221057,221243,187
1350,琉璃圣人是大帝?,221244,221382,139
1351,混元养器诀,221383,221542,160
1352,混元噬天阵,221543,221675,133
1353,准备炼制宝塔,221676,221841,166
1354,乾坤圣主指路,221842,222013,172
1355,星辰宗的红石山,222014,222170,157
1356,亭子后面还有山,222171,222327,157
1357,黑塔,222328,222496,169
1358,一口气把门吹开了,222497,222689,193
1359,吞天塔的守护者,222690,222825,136
1360,这座宝塔太丑了,222826,223006,181
1361,晨武圣人的想法,223007,223193,187
1362,琉璃剑宗是累赘吗?,223194,223332,139
1363,叶家准帝李长生,223333,223504,172
1364,死光头，你的脑袋还疼吗?,223505,223649,145
1365,上苍之手对如来神掌,223650,223812,163
1366,壮士断腕,223813,223963,151
1367,你有金莲台，我有吞天塔,223964,224156,193
1368,浪你个头,224157,224328,172
1369,妮玛呜吗哄,224329,224503,175
1370,法相天地,224504,224666,163
1371,无法挖穿的世界,224667,224835,169
1372,急了，他急了,224836,224986,151
1373,弄死这秃驴,224987,225140,154
1374,二帝败逃,225141,225303,163
1375,仿制吞天塔?,225304,225436,133
1376,小看谁呢?,225437,225605,169
1377,开始摇人,225606,225804,199
1378,动静越大越好,225805,225988,184
1379,震惊的魔族强者,225989,226172,184
1380,开辟源界的方法,226173,226311,139
1381,第九层混沌结界,226312,226501,190
1382,诡异的波动,226502,226649,148
1383,融合混沌巨人,226650,226836,187
1384,准帝，方尘,226837,227047,211
1385,第十层混沌空间,227048,227222,175
1386,开辟源界,227223,227385,163
1387,源界开辟完成,227386,227572,187
1388,九阶的混元噬天阵,227573,227744,172
1389,第一层宝塔,227745,227934,190
1390,全部炼制完成,227935,228148,214
1391,又一位准帝,228149,228350,202
1392,留在混沌空间修炼,228351,228507,157
1393,九界塔,228508,228655,148
1394,混沌空间的乱流,228656,228827,172
1395,烈阳山脉,228828,228960,133
1396,方尘又屠城了,228961,229117,157
1397,叶家的秘密,229118,229277,160
1398,玄黄符，九幽噬魂钉,229278,229410,133
1399,伏击方尘,229411,229576,166
1400,再战李长生,229577,229715,139
1401,九幽噬魂钉入体,229716,229875,160
1402,愤怒的小鹤,229876,230026,151
1403,玄黄源界不安全了,230027,230162,136
1404,全力守护祖地,230163,230301,139
1405,天罗秘境又开启了,230302,230470,169
1406,一点小伤，不碍事,230471,230639,169
1407,出入自如,230640,230805,166
1408,当年的那一批人,230806,231004,199
1409,再见流丹河,231005,231179,175
1410,秘境中的空间裂缝,231180,231345,166
1411,神秘空间,231346,231511,166
1412,天龙骸骨,231512,231716,205
1413,神秘空间的尽头,231717,231873,157
1414,星河鼎，元婴秘境,231874,232042,169
1415,天龙空间,232043,232205,163
1416,洞虚秘境的圣兽,232206,232377,172
1417,圣人秘境,232378,232537,160
1418,望帝山,232538,232715,178
1419,八哥突破，准帝,232716,232893,178
1420,准帝空间，白骨河,232894,233062,169
1421,这船沉得快?,233063,233264,202
1422,故事成真?,233265,233424,160
1423,山头竟是犀牛角,233425,233608,184
1424,砍下一只猪耳朵,233609,233795,187
1425,猪妖变身,233796,234003,208
1426,再见骷髅船夫,234004,234160,157
1427,叶青瓷，仙人转世?,234161,234299,139
1428,秘境之主,234300,234483,184
1429,准帝叶辰,234484,234661,178
1430,融合分身战叶辰,234662,234827,166
1431,等待方尘出现,234828,235008,181
1432,小师叔回来了,235009,235162,154
1433,麒麟臂的威力,235163,235331,169
1434,玄黄之气,235332,235506,175
1435,万剑皆空vs一剑轮回,235507,235690,184
1436,看看谁更持久,235691,235907,217
1437,底牌尽出,235908,236118,211
1438,狠起来，连自己都捅,236119,236317,199
1439,砍下一根麒麟臂,236318,236516,199
1440,四枚九幽噬魂钉,236517,236703,187
1441,麒麟臂上的残魂,236704,236878,175
1442,带着麒麟臂去找叶空,236879,237053,175
1443,融合麒麟臂!,237054,237231,178
1444,一个大胆的想法,237232,237403,172
1445,李长寿，张子恒,237404,237620,217
1446,千人劫,237621,237786,166
1447,青草大阵，不死之身,237787,237988,202
1448,不甘失败的叶辰,237989,238121,133
1449,叶家与瑶池圣地的矛盾,238122,238272,151
1450,万年蟠桃熟，瑶池圣主突破,238273,238438,166
1451,混沌圣主突破,238439,238601,163
1452,送万年蟠桃,238602,238785,184
1453,明月圣人的问题,238786,238939,154
1454,古虞前辈，你看我行不?,238940,239114,175
1455,你是纯阳之体吗?,239115,239277,163
1456,古怪的体质,239278,239482,205
1457,大家一起吃蟠桃,239483,239654,172
1458,云香山的秘密，时间加速?,239655,239802,148
1459,混沌噬心虫和混沌魔星藤归来,239803,239968,166
1460,两枚准帝印记,239969,240131,163
1461,抵达云香山，再战李长生,240132,240348,217
1462,感受时间加速,240349,240511,163
1463,孪生姐妹,240512,240668,157
1464,复活怜月圣人?,240669,240843,175
1465,怜月圣人的残魂,240844,241000,157
1466,瑶池圣主出关,241001,241181,181
1467,云梦山入口的结界,241182,241347,166
1468,这个结界很特殊,241348,241546,199
1469,终于可以进去了,241547,241700,154
1470,把玄玉森林搬过来,241701,241851,151
1471,天大的好事,241852,241984,133
1472,那叶辰来了,241985,242147,163
1473,碧落玄黄，法相天地,242148,242310,163
1474,最好的磨刀石,242311,242452,142
1475,玄黄旗中的大眼睛,242453,242615,163
1476,谢谢你这么看得起我,242616,242790,175
1477,玄玉森林是法宝?,242791,242953,163
1478,岳沧澜的法相天地,242954,243110,157
1479,混沌塔,243111,243246,136
1480,第九层混沌塔,243247,243367,121
1481,传承石雕,243368,243497,130
1482,溺水之人,243498,243678,181
1483,蓝色的珠子,243679,243847,169
1484,星辰大帝的传承,243848,244016,169
1485,她是蓝羽大帝,244017,244224,208
1486,找不到秘境入口,244225,244378,154
1487,再临天龙空间,244379,244532,154
1488,三年之期?谁说的?,244533,244695,163
1489,十次机会,244696,244858,163
1490,一脚踩中毒蝎子,244859,245021,163
1491,来来来，蛰死我吧!,245022,245169,148
1492,噬神印记破碎,245170,245362,193
1493,琉璃金身第九转,245363,245525,163
1494,噬神诀与琉璃战纹融合,245526,245691,166
1495,黑暗噬神领域,245692,245905,214
1496,又是三年之后?,245906,246071,166
1497,方尘的条件,246072,246204,133
1498,佛国的七位准帝,246205,246343,139
1499,小六子也成准圣了?,246344,246512,169
1500,云老特殊的梦境,246513,246642,130
1501,混沌魔星藤第七劫,246643,246814,172
1502,你这家伙，真的变态!,246815,246968,154
1503,从佛土归来就回家,246969,247128,160
1504,永远忘不了的小石村,247129,247297,169
1505,画卷之中的佛像,247298,247460,163
1506,吾乃战佛,247461,247599,139
1507,男女混合双打,247600,247762,163
1508,云荒沙海,247763,247937,175
1509,沉心圣佛,247938,248097,160
1510,一块陨石,248098,248263,166
1511,你们还是一起上吧,248264,248426,163
1512,强势压制,248427,248604,178
1513,无法靠近的陨石,248605,248752,148
1514,金光佛陀降临,248753,248891,139
1515,好戏现在才开始呢,248892,249072,181
1516,红云袈裟,249073,249259,187
1517,黑暗噬神领域，开,249260,249425,166
1518,想捡漏的骷髅佛帝,249426,249609,184
1519,灭骷髅佛帝,249610,249778,169
1520,补天神女不感兴趣?,249779,249920,142
1521,有好东西让大家看看,249921,250077,157
1522,那亮瞎眼的佛光该如何解释?,250078,250273,196
1523,方尘是转世佛陀,250274,250436,163
1524,叶空突破，准帝,250437,250614,178
1525,震惊的缥缈道友,250615,250792,178
1526,那陨石被方尘抢走了,250793,250934,142
1527,一炷香，三位准帝,250935,251109,175
1528,陨石掉皮了,251110,251341,232
1529,我是来送温暖的,251342,251513,172
1530,礼物已经送到了，你们慢慢享受吧!,251514,251721,208
1531,找大日佛帝对质,251722,251890,169
1532,该死的方尘，太损了,251891,252080,190
1533,我怎么变成光头了?,252081,252234,154
1534,叶青瓷醒了,252235,252424,190
1535,我很好，只是眼睛看不见而已,252425,252584,160
1536,准帝，叶青瓷,252585,252771,187
1537,带你去一个地方,252772,252931,160
1538,伤心的幽冥花,252932,253118,187
1539,吸收铜棺的力量,253119,253269,151
1540,古袈裟,253270,253438,169
1541,眼睛彻底恢复,253439,253619,181
1542,你不是说要趁热打铁吗?,253620,253764,145
1543,带小鹤回家,253765,253945,181
1544,进入黑暗森林,253946,254111,166
1545,光河的尽头,254112,254241,130
1546,珠子发芽,254242,254395,154
1547,两颗果实,254396,254549,154
1548,脑海中的佛像,254550,254715,166
1549,杀到你不念为止,254716,254890,175
1550,佛国又出现准帝了,254891,255080,190
1551,给云老送桃子,255081,255297,217
1552,今非昔比的狗头岭,255298,255421,124
1553,石皮大阵,255422,255599,178
1554,战佛回来了,255600,255786,187
1555,不是他死，就是我活,255787,255961,175
1556,他要单挑佛国吗?,255962,256112,151
1557,无边佛海,256113,256266,154
1558,把那些叛徒都杀死,256267,256390,124
1559,天竺城,256391,256565,175
1560,闯荡佛海,256566,256704,139
1561,金刚佛陀降临,256705,256864,160
1562,天佛塔,256865,257030,166
1563,金莲噬日,257031,257229,199
1564,在我面前玩吞噬?,257230,257389,160
1565,天劫咒,257390,257618,229
1566,终于有雷劈我了,257619,257787,169
1567,难道那方尘在演戏?,257788,257983,196
1568,真身暴露,257984,258161,178
1569,大帝佛帝的魔性分身,258162,258312,151
1570,阴阳金刚佛陀,258313,258511,199
1571,大日佛帝，败,258512,258689,178
1572,打破蛮荒大陆格局,258690,258819,130
1573,三葬佛帝,258820,259003,184
1574,新的国主,259004,259133,130
1575,回琉璃剑宗,259134,259272,139
1576,再入第九秘境,259273,259420,148
1577,无聊寂寞的秘境之主,259421,259589,169
1578,秘境之主的奇怪表现,259590,259755,166
1579,消失的关卡,259756,259930,175
1580,红色空间,259931,260096,166
1581,先疗伤，再报仇,260097,260232,136
1582,血色空间的神秘能量,260233,260380,148
1583,变红了,260381,260534,154
1584,轮回世界，不死族,260535,260715,181
1585,不死神王,260716,260881,166
1586,神之传承,260882,261035,154
1587,另外两位人族半神,261036,261219,184
1588,黑山王和天凰女,261220,261385,166
1589,他们为什么不跑?,261386,261551,166
1590,直接捏爆半神,261552,261732,181
1591,大家一起上吧,261733,261922,190
1592,八哥再显神通,261923,262067,145
1593,妖神降临,262068,262233,166
1594,我要弑神,262234,262402,169
1595,妖神出手,262403,262553,151
1596,神就这点实力吗?,262554,262722,169
1597,速度还是不够快,262723,262840,118
1598,黑暗噬神领域的新用法,262841,262988,148
1599,不交神器就弑神,262989,263130,142
1600,妖神断翅,263131,263302,172
1601,双重神力,263303,263459,157
1602,凤凰天火,263460,263604,145
1603,妖神陨落,263605,263767,163
1604,挑衅三大神级强者,263768,263948,181
1605,化身黑影,263949,264084,136
1606,天神降临,264085,264238,154
1607,方尘战天神,264239,264389,151
1608,冥神的箭,264390,264582,193
1609,深渊刀狱,264583,264772,190
1610,巨人追日，冲出刀狱,264773,264953,181
1611,快帮我拔剑,264954,265101,148
1612,一石砸三神,265102,265330,229
1613,先弄死冥神,265331,265520,190
1614,第二颗秘境源珠,265521,265728,208
1615,天神爆发，三种神力,265729,265921,193
1616,来自神王的威压,265922,266132,211
1617,远古时期没有不死族,266133,266310,178
1618,远古天庭还在?,266311,266458,148
1619,传授本领,266459,266600,142
1620,方尘前辈来自神界,266601,266772,172
1621,叶青瓷想炼器,266773,266995,223
1622,九个分身还没出来,266996,267188,193
1623,叶青瓷的炼器方法,267189,267363,175
1624,九个分身出来了,267364,267553,190
1625,英雄难过美人关,267554,267746,193
1626,陨石又喷能量了,267747,267966,220
1627,再战叶辰,267967,268126,160
1628,今日要让你有来无回,268127,268307,181
1629,法相天地，碧落玄黄,268308,268503,196
1630,叶青瓷和叶空也来了,268504,268705,202
1631,玄黄塔降临,268706,268886,181
1632,瓮中之鳖?,268887,269034,148
1633,叶青瓷和叶空的异样,269035,269224,190
1634,你们是逃不掉的,269225,269405,181
1635,石碑和雕像碎片,269406,269598,193
1636,一座古城,269599,269764,166
1637,进入古城,269765,269984,220
1638,空城?,269985,270159,175
1639,诡异石碑,270160,270328,169
1640,玄黄圣体觉醒,270329,270521,193
1641,叶家的人急了,270522,270666,145
1642,有本事你下来弄死我,270667,270817,151
1643,玄黄圣体第八变,270818,270929,112
1644,移花接木,270930,271098,169
1645,玄黄圣体第九变,271099,271342,244
1646,玄黄大帝,271343,271505,163
1647,蜕一次，多活一万年,271506,271641,136
1648,你竟然敢打我?,271642,271831,190
1649,玄黄塔控制权易主,271832,271994,163
1650,挖仙瞳,271995,272154,160
1651,融合寂灭仙瞳,272155,272284,130
1652,叶空的选择,272285,272456,172
1653,无人敢救,272457,272616,160
1654,永远是琉璃剑宗的人,272617,272776,160
1655,再临青草大阵,272777,272915,139
1656,全面开放青草大阵,272916,273051,136
1657,追日巨人的太阳被射了,273052,273196,145
1658,自带食材蹭火锅?,273197,273344,148
1659,终于吃上了,273345,273507,163
1660,寿元加速流失,273508,273688,181
1661,变成了一颗笋,273689,273860,172
1662,方尘的法相天地,273861,274008,148
1663,融合失败,274009,274198,190
1664,再次请教岳沧澜,274199,274352,154
1665,法相天地的运用方法,274353,274530,178
1666,目光要放长远一点,274531,274657,127
1667,琉璃剑宗的大手笔,274658,274787,130
1668,再进混沌空间,274788,274938,151
1669,方尘的修炼方向,274939,275062,124
1670,突破极限,275063,275225,163
1671,无法吸收的神秘能量,275226,275361,136
1672,法相天地与剑法融合,275362,275512,151
1673,诸神的黄昏,275513,275684,172
1674,黑天白地,275685,275847,163
1675,混沌噬心虫的法相天地,275848,276016,169
1676,天丝万缕,276017,276179,163
1677,佛土的神秘生命,276180,276336,157
1678,再临云荒沙海,276337,276481,145
1679,邪恶生物,276482,276626,145
1680,杀不死,276627,276768,142
1681,陨石坠落破坏了结界,276769,276913,145
1682,泥潭底下有大秘密,276914,277076,163
1683,神秘能量修复命轮,277077,277227,151
1684,全部灭杀,277228,277384,157
1685,战佛的道侣,277385,277553,169
1686,为何你能杀死它们?,277554,277734,181
1687,进入泥潭,277735,277882,148
1688,孕育邪恶生命的胚胎,277883,278084,202
1689,红色巨眼,278085,278265,181
1690,逃出泥潭,278266,278404,139
1691,修复通灵剑符,278405,278564,160
1692,重回万佛战经传承之地,278565,278730,166
1693,刻着石花的山壁,278731,278896,166
1694,方尘的大师兄,278897,279062,166
1695,二师兄叫崔易,279063,279234,172
1696,镇魔渊,279235,279364,130
1697,天佛帝的绝学,279365,279527,163
1698,中荒好像出事了,279528,279696,169
1699,天元学宫的召唤,279697,279895,199
1700,星空中的宫殿,279896,280094,199
1701,灵心宫主的年龄,280095,280251,157
1702,要提防魔族,280252,280426,175
1703,分配天魔散,280427,280619,193
1704,一定要死守镇魔渊,280620,280776,157
1705,镇魔渊的入口,280777,280933,157
1706,孤云佛帝,280934,281108,175
1707,青天魔帝的化身降临,281109,281280,172
1708,火璃圣人被俘,281281,281440,160
1709,灵心宫主召见,281441,281576,136
1710,大劫与魔族有关?,281577,281733,157
1711,生命禁区的由来,281734,281872,139
1712,黑色木鱼，降魔咒,281873,282002,130
1713,天元学宫的五色军团,282003,282159,157
1714,众人齐聚,282160,282286,127
1715,前往精灵大陆,282287,282461,175
1716,精灵圣女,282462,282609,148
1717,发放噬魔圣器和天魔散,282610,282748,139
1718,精灵女皇召见,282749,282932,184
1719,精灵女皇,282933,283077,145
1720,精灵大陆的现状,283078,283204,127
1721,方尘，不要吹牛呀,283205,283352,148
1722,展示一下手段,283353,283497,145
1723,精灵女皇的名字,283498,283645,148
1724,天魔散的威力,283646,283799,154
1725,重燃希望的精灵女皇,283800,283914,115
1726,要保护好方尘,283915,284113,199
1727,死也要死得有价值,284114,284264,151
1728,再次开炉炼器,284265,284451,187
1729,一根巨大的金色竹子,284452,284617,166
1730,这一次怎么长竹笋了?,284618,284783,166
1731,震惊精灵族强者,284784,284973,190
1732,新的天魔散,284974,285151,178
1733,精灵族大祭司,285152,285287,136
1734,这位魔帝好拽,285288,285474,187
1735,魔帝也扛不住,285475,285655,181
1736,让我过过瘾,285656,285842,187
1737,天玺魔帝,285843,286014,172
1738,发疯的魔族,286015,286222,208
1739,疯狂炼宝,286223,286367,145
1740,青天魔帝的决定,286368,286485,118
1741,趁机抓奸细,286486,286633,148
1742,要将魔族赶回去,286634,286775,142
1743,准备反攻,286776,286944,169
1744,反攻开始,286945,287119,175
1745,战场厮杀,287120,287282,163
1746,领域离体,287283,287454,172
1747,精灵圣女出手,287455,287593,139
1748,天魔头颅的封印之地,287594,287756,163
1749,魔族败退,287757,287895,139
1750,一点都不过瘾,287896,288043,148
1751,永恒圣果,288044,288230,187
1752,回去再渡劫,288231,288375,145
1753,精灵族的宝库,288376,288523,148
1754,一人一件极道帝兵,288524,288665,142
1755,黑暗精灵皇,288666,288804,139
1756,黑暗精灵神弓,288805,288955,151
1757,神弓认主,288956,289103,148
1758,黑暗精灵皇的往事,289104,289224,121
1759,箭惊四座,289225,289375,151
1760,精灵女皇的计划,289376,289508,133
1761,通往魔族大陆的通道,289509,289650,142
1762,一起去魔族大陆,289651,289786,136
1763,敢死军团,289787,289937,151
1764,海底通道入口,289938,290085,148
1765,黑色木鱼,290086,290245,160
1766,念咒的人爽，听咒的人痛苦,290246,290420,175
1767,连石头都受不了,290421,290619,199
1768,东山魔域,290620,290800,181
1769,弥天网,290801,290990,190
1770,紫阳魔帝,290991,291132,142
1771,紫阳魔帝的实力,291133,291265,133
1772,精灵族强者出手,291266,291425,160
1773,紫阳魔帝求救,291426,291567,142
1774,还要半个时辰,291568,291736,169
1775,八哥的法相天地显威,291737,291923,187
1776,反噬之力破封印,291924,292083,160
1777,痛苦的小纸鹤,292084,292267,184
1778,幻魔界的最深处,292268,292433,166
1779,天手圣人,292434,292572,139
1780,魔族第一灵植师,292573,292717,145
1781,天魔解体?等的就是你!,292718,292916,199
1782,黑狱魔帝求救,292917,293112,196
1783,万魔噬体,293113,293281,169
1784,吸收天魔大阵的力量,293282,293435,154
1785,镇压黑狱魔帝,293436,293607,172
1786,小鹤脱困,293608,293761,154
1787,青天魔帝救不了你,293762,293921,160
1788,青天魔帝的杀手锏,293922,294072,151
1789,火璃准帝出现,294073,294214,142
1790,你还是出现了,294215,294398,184
1791,方尘与青天魔帝的碰撞,294399,294567,169
1792,很幸运，赌赢了,294568,294706,139
1793,剑帝的传承,294707,294827,121
1794,开心的火璃准帝,294828,294963,136
1795,提升实力的新方法,294964,295114,151
1796,魔族的第一药师,295115,295238,124
1797,降临神族大陆,295239,295398,160
1798,神族女皇,295399,295546,148
1799,方尘的要求,295547,295658,112
1800,神月天轮,295659,295818,160
1801,先知神蝶,295819,295999,181
1802,红魔深渊,296000,296159,160
1803,找几个红魔王练练手,296160,296355,196
1804,红魔骨龙,296356,296515,160
1805,这骨龙太强了,296516,296657,142
1806,主人在和骨龙战斗,296658,296811,154
1807,斩杀骨龙,296812,296989,178
1808,遁天梭,296990,297185,196
1809,古禅佛帝,297186,297375,190
1810,欢迎火璃前辈回归,297376,297556,181
1811,秘境之主变强了,297557,297689,133
1812,接我三剑,297690,297855,166
1813,奖励九颗珠子,297856,298033,178
1814,在青草大阵炼器,298034,298205,172
1815,青草大阵被烧了,298206,298371,166
1816,彩色天魔散,298372,298546,175
1817,十重浪，难比上青天,298547,298685,139
1818,精灵女皇的传讯,298686,298851,166
1819,杀到魔族大陆去,298852,299038,187
1820,再次来到狗头岭,299039,299216,178
1821,一泡尿催生的金色竹林,299217,299349,133
1822,小六子的绝技,299350,299524,175
1823,浮仙道友诚不欺我,299525,299705,181
1824,振奋的青天魔帝,299706,299877,172
1825,冲击大帝的方法,299878,300037,160
1826,九劫的混沌魔星藤,300038,300209,172
1827,准备行动,300210,300378,169
1828,正在冲关的叶青瓷,300379,300529,151
1829,方尘道友，我们又见面了,300530,300698,169
1830,杀向魔族大陆,300699,300885,187
1831,不能让青天魔帝得逞,300886,301054,169
1832,杀进天魔谷,301055,301223,169
1833,一面红色盾牌,301224,301386,163
1834,方尘道友，干得漂亮,301387,301525,139
1835,琉璃剑宗人才辈出,301526,301697,172
1836,天魔散怎么还没发作?,301698,301917,220
1837,天魔水失效了,301918,302107,190
1838,青天魔帝出手,302108,302300,193
1839,魔帝也开始发疯了,302301,302433,133
1840,天人族的背叛,302434,302590,157
1841,天地翻转,302591,302747,157
1842,全是因为那把剑,302748,302904,157
1843,夺魔链，砍阵脉,302905,303067,163
1844,准仙器，天魔幡,303068,303278,211
1845,阵脉全断,303279,303447,169
1846,不用找了，他们都死了,303448,303595,148
1847,浮仙剑凿，黑石锤,303596,303755,160
1848,准帝全死,303756,303981,226
1849,青天魔帝突破了,303982,304156,175
1850,青天白日,304157,304337,181
1851,侮辱性极强,304338,304503,166
1852,全部吸进天魔幡,304504,304681,178
1853,弥天网，血魔鼎,304682,304832,151
1854,降金雨，开金莲,304833,305007,175
1855,天魔幡的阵纹破绽,305008,305149,142
1856,百万魔刀,305150,305312,163
1857,必须要死一个,305313,305469,157
1858,陷入绝境的青天魔帝,305470,305620,151
1859,青天魔帝自爆,305621,305777,157
1860,啃穿天魔幡,305778,305937,160
1861,灭漏网之鱼,305938,306127,190
1862,后悔的天人皇,306128,306275,148
1863,尸体留给魔星藤,306276,306441,166
1864,渡劫失败十倍返还,306442,306568,127
1865,狗头岭的竹林消失了,306569,306743,175
1866,这狗头岭不同寻常,306744,306876,133
1867,方尘苏醒，吞噬帝之源力,306877,307030,154
1868,收走血魔鼎,307031,307199,169
1869,离开天魔幡,307200,307365,166
1870,欢迎方尘长老回宗,307366,307549,184
1871,你已无需闯关,307550,307688,139
1872,火璃前辈，我回来了,307689,307845,157
1873,残魂状态悟性佳,307846,307984,139
1874,再炼通灵剑符,307985,308135,151
1875,青天魔帝到底死没死?,308136,308310,175
1876,潜力太大未必是好事,308311,308443,133
1877,可以去忘仙岛试试,308444,308543,100
1878,七彩通灵剑符,308544,308691,148
1879,让人去挖幻魔草,308692,308857,166
1880,准帝级的玄玉参王,308858,309017,160
1881,玄玉森林的蘑菇,309018,309195,178
1882,鹤姐她回家了,309196,309391,196
1883,炼制幻魔丹,309392,309551,160
1884,七彩豆荚,309552,309702,151
1885,试药狂人古虞前辈,309703,309856,154
1886,味道太香，有酒更好,309857,310022,166
1887,这丹药后劲有些大,310023,310203,181
1888,小鹤也做梦了,310204,310387,184
1889,黑白圣果,310388,310535,148
1890,全都给小鹤吃吧,310536,310716,181
1891,差点被遗忘的通天魔链,310717,310906,190
1892,收服通天魔链,310907,311096,190
1893,小鹤醒来,311097,311241,145
1894,灵鹤空间的变化,311242,311458,217
1895,准备售卖幻魔丹,311459,311606,148
1896,穿越蛮荒之海,311607,311793,187
1897,发现生命禁区,311794,311953,160
1898,黑玉噬魂虾,311954,312089,136
1899,通天魔链真好用,312090,312249,160
1900,蜕壳脱困，灭虾王,312250,312424,175
1901,去找大虾皇,312425,312596,172
1902,黑玉噬魂虾皇出现,312597,312768,172
1903,实力比青天魔帝还强,312769,312907,139
1904,拴住了你就别想跑,312908,313064,157
1905,遛虾是一种什么体验?,313065,313224,160
1906,大人饶命啊,313225,313387,163
1907,虾皇的阴谋,313388,313556,169
1908,有种你爆一个给我看看,313557,313752,196
1909,石头上的眼睛,313753,313912,160
1910,生命之眼,313913,314105,193
1911,来都来了，肯定要进去看看,314106,314280,175
1912,一条沉睡的翼龙,314281,314446,166
1913,翼龙醒来,314447,314624,178
1914,一剑砍掉两百三十年,314625,314799,175
1915,攒够力量再出来,314800,314938,139
1916,我看你能坚持多久,314939,315092,154
1917,第二剑，生机断绝,315093,315255,163
1918,寿元提升二十年,315256,315412,157
1919,树木不长叶子长羽毛,315413,315548,136
1920,效仿古之大帝，平禁区,315549,315690,142
1921,混沌噬神蜂的实力,315691,315814,124
1922,天人族古皇,315815,315980,166
1923,一剑砍死个男的,315981,316122,142
1924,抱着美女一浪接一浪,316123,316303,181
1925,天人绝恋,316304,316439,136
1926,我不想去仙界,316440,316578,139
1927,吸收天人族男子的力量,316579,316735,157
1928,把结界都吞噬了,316736,316868,133
1929,被诅咒的忘仙岛,316869,317031,163
1930,下次别让我再遇到你,317032,317179,148
1931,一朵石莲,317180,317330,151
1932,把棺材板压住,317331,317517,187
1933,石棺内部的空间,317518,317695,178
1934,神秘水滴,317696,317849,154
1935,水滴中的美女,317850,318003,154
1936,红色莲花中的女子,318004,318133,130
1937,红莲女帝?,318134,318326,193
1938,公子，过来玩呀,318327,318510,184
1939,红莲之力,318511,318670,160
1940,琉璃剑宗的现状,318671,318815,145
1941,试一下红莲之力,318816,318990,175
1942,疯狂撞钟的黑炎龙狮兽,318991,319198,208
1943,欢迎人皇降临无忧谷,319199,319358,160
1944,三天解决一位妖皇,319359,319557,199
1945,妖族大能的传承之地,319558,319738,181
1946,一棵树，一只龟,319739,319883,145
1947,被吸进龟壳,319884,320046,163
1948,望先龟，未来时空的画面,320047,320260,214
1949,半仙境界的望先龟,320261,320423,163
1950,天地意志的走狗,320424,320565,142
1951,两百年后，乾坤咒,320566,320728,163
1952,人皇竟然有准仙器,320729,320891,163
1953,那些生命禁区都被我推平了,320892,321084,193
1954,实力暴涨的琉璃剑宗,321085,321214,130
1955,青草大阵内的胚胎,321215,321359,145
1956,青草大阵的阵灵,321360,321537,178
1957,无法复活望先龟,321538,321727,190
1958,望先龟最后的选择,321728,321854,127
1959,先练降魔咒，再练乾坤咒,321855,322023,169
1960,威力惊人的降魔咒,322024,322216,193
1961,手搓咒文,322217,322421,205
1962,乾坤咒成功,322422,322629,208
1963,灵心宫主的召唤,322630,322831,202
1964,准仙器，往生镜,322832,322991,160
1965,往生镜中的石磨,322992,323157,166
1966,窥探未来,323158,323329,172
1967,往生镜破碎,323330,323513,184
1968,不接受叛徒,323514,323652,139
1969,应对之策,323653,323824,172
1970,再临佛土,323825,323999,175
1971,金泉海，瞬间移动,324000,324156,157
1972,不要脸的天人皇,324157,324340,184
1973,金泉海与青草大阵融合,324341,324524,184
1974,大家一起修佛法,324525,324690,166
1975,那万佛战经太神奇了,324691,324862,172
1976,天人皇求见,324863,325037,175
1977,大劫降临,325038,325224,187
1978,仙界重现?,325225,325414,190
1979,大日佛帝出现,325415,325595,181
1980,空间裂缝中的触手,325596,325764,169
1981,血色漩涡,325765,325942,178
1982,悲催的天人族,325943,326105,163
1983,蛮荒之海干枯,326106,326307,202
1984,空间裂缝消失,326308,326479,172
1985,来自圣土的魔族,326480,326624,145
1986,诱敌深入,326625,326778,154
1987,圣人击的敌人出现,326779,326917,139
1988,准帝级敌人到来,326918,327080,163
1989,大帝降临,327081,327255,175
1990,大帝的实力,327256,327424,169
1991,调动天地本源,327425,327584,160
1992,大帝的法相天地,327585,327732,148
1993,黄昏之力vs大帝,327733,327892,160
1994,黑色石头的妙用,327893,328049,157
1995,一刀斩破金泉海,328050,328194,145
1996,黑色轮盘,328195,328363,169
1997,又中一剑,328364,328529,166
1998,黑色罗盘太恐怖,328530,328650,121
1999,简单粗暴,328651,328798,148
2000,积聚帝之源力,328799,328919,121
2001,火璃准帝出关,328920,329091,172
2002,火璃准帝vs血狱魔帝,329092,329260,169
2003,大帝陨落，天地同悲,329261,329444,184
2004,魔军溃败,329445,329640,196
2005,准备炼化大帝尸体,329641,329806,166
2006,吸收大帝尸体的能量,329807,329957,151
2007,无可救药的伪魔族,329958,330123,166
2008,大成准帝，方尘,330124,330289,166
2009,终成大帝,330290,330500,211
2010,六千年的寿元,330501,330687,187
2011,降魔咒的威力,330688,330838,151
2012,进入大弈魔界,330839,330998,160
2013,血云消失见天日,330999,331122,124
2014,主人看起来好可怜,331123,331267,145
2015,琉璃塔的神秘波动,331268,331430,163
2016,琉璃塔，准仙器,331431,331644,214
2017,九色花,331645,331780,136
2018,琉璃天帝,331781,331949,169
2019,大劫起源,331950,332052,103
2020,魔族的背叛,332053,332167,115
2021,天外天,332168,332315,148
2022,万年后再相见,332316,332493,178
2023,收不进灵鹤空间,332494,332701,208
2024,叶青瓷出来了,332702,332888,187
2025,让师尊先来,332889,333033,145
2026,苏醒的伪魔族,333034,333178,145
2027,混沌魔星藤的超强战力,333179,333341,163
2028,天竺城的畅所欲言,333342,333477,136
2029,那些大帝还没死,333478,333622,145
2030,这星辰引有问题,333623,333776,154
2031,推演星辰引,333777,333954,178
2032,星空深处的巨人,333955,334111,157
2033,全新的星辰引,334112,334283,172
2034,再遇冰晶独角虎,334284,334419,136
2035,闭关参悟功法,334420,334603,184
2036,大范围收集功法,334604,334772,169
2037,太阳之力破封印,334773,334932,160
2038,脑海中的神秘画面,334933,335083,151
2039,太阳的结界,335084,335216,133
2040,星辰引，灵气诀，浮仙诀,335217,335352,136
2041,功法完成,335353,335506,154
2042,一分为九,335507,335624,118
2043,准备推广,335625,335790,166
2044,召集弟子回宗,335791,335956,166
2045,全属性功法,335957,336113,157
2046,炼制传承碑,336114,336243,130
2047,恐怖的帝兵天劫,336244,336376,133
2048,去找火璃前辈,336377,336551,175
2049,这石碑是极道帝兵?,336552,336717,166
2050,宫主，这画面你有印象吗?,336718,336880,163
2051,灵心宫主身后的黑手,336881,337058,178
2052,冥族的时空战士,337059,337230,172
2053,再见时空飞梭,337231,337390,160
2054,砍一下时空飞梭,337391,337544,154
2055,齐聚青草大阵核心,337545,337695,151
2056,全力以赴,337696,337825,130
2057,岳沧澜vs冥皇,337826,337970,145
2058,混沌种青莲,337971,338124,154
2059,精灵女皇对叶青瓷,338125,338272,148
2060,一招毙敌,338273,338423,151
2061,岳沧澜对叶青瓷,338424,338550,127
2062,一道红色的剑光,338551,338713,163
2063,火璃准帝的大帝劫,338714,338894,181
2064,金色火莲,338895,339087,193
2065,黑手再现，火璃大帝,339088,339292,205
2066,叶空出关,339293,339440,148
2067,瑶池圣地的封魔地,339441,339594,154
2068,又见天魔羽,339595,339733,139
2069,一对巨大的黑色翅膀,339734,339887,154
2070,黑色羽翼周围的结界,339888,340035,148
2071,黄昏之力破阵,340036,340201,166
2072,陨石的动静,340202,340331,130
2073,吸收黑色羽翼的精血,340332,340488,157
2074,花道友应该是突破了,340489,340669,181
2075,花花大帝?,340670,340886,217
2076,叶青瓷的大帝劫,340887,341067,181
2077,四位大帝,341068,341245,178
2078,来看一下分身,341246,341399,154
2079,原始浮仙诀,341400,341595,196
2080,齐聚封魔空间,341596,341773,178
2081,混沌噬心虫突破,341774,341921,148
2082,吞天塔来当通道,341922,342099,178
2083,九个分身，九个大帝,342100,342310,211
2084,隔绝召唤,342311,342491,181
2085,忽然增强的召唤感,342492,342684,193
2086,用九界塔顶替,342685,342871,187
2087,离开蛮荒大陆,342872,343064,193
2088,魔星藤的毒,343065,343236,172
2089,来自天外天的人,343237,343414,178
2090,真仙,343415,343601,187
2091,两位仙王,343602,343755,154
2092,身怀星辰之力,343756,343888,133
2093,抵达天外天,343889,344051,163
2094,天心殿,344052,344241,190
2095,蓝雨大帝,344242,344419,178
2096,仙器天河图,344420,344585,166
2097,玄黄真仙,344586,344721,136
2098,我们还有人,344722,344878,157
2099,琉璃真仙他不在,344879,345059,181
2100,大仙收徒,345060,345264,205
2101,金蝉岭,345265,345451,187
2102,噬心虫的洞府,345452,345644,193
2103,我可以杀他们吗?,345645,345834,190
2104,我打光头佬最有经验了,345835,346027,193
2105,杀灵鼠大帝,346028,346214,187
2106,狼刀大帝,346215,346395,181
2107,连杀两位大帝,346396,346594,199
2108,星云宫,346595,346736,142
2109,自混沌大仙的家乡,346737,346893,157
2110,灵钟大帝,346894,347095,202
2111,雷火大阵,347096,347246,151
2112,再杀大帝,347247,347442,196
2113,三连杀,347443,347614,172
2114,快用帝兵砸死他,347615,347831,217
2115,红莲之力，大帝都扛不住,347832,348033,202
2116,吃瓜群从也遭殃,348034,348235,202
2117,死道友不死贫道,348236,348392,157
2118,一千多个红莲大帝,348393,348552,160
2119,给虫子种天佛花,348553,348700,148
2120,清风大帝,348701,348863,163
2121,金蝉岭名人，方尘,348864,349023,160
2122,追踪,349024,349180,157
2123,虫将,349181,349340,160
2124,方尘的十重浪,349341,349473,133
2125,一剑灭虫将,349474,349603,130
2126,对手越多越兴奋,349604,349757,154
2127,像鞭炮一样炸裂,349758,349947,190
2128,一剑下去，从头炸到尾,349948,350152,205
2129,剑碎星河,350153,350351,199
2130,方尘的执念,350352,350475,124
2131,砍破巢穴,350476,350611,136
2132,虫皇出现,350612,350777,166
2133,短命虫皇,350778,350946,169
2134,好多红叶寿星草,350947,351118,172
2135,欲收巢穴,351119,351263,145
2136,不断变强的吞天塔,351264,351405,142
2137,仙术太贵,351406,351553,148
2138,浮仙变,351554,351698,145
2139,红叶寿星草到手,351699,351891,193
2140,易宝之地，金蝉宫,351892,352066,175
2141,你让大帝去摆摊?,352067,352223,157
2142,灵植师，云心大帝,352224,352386,163
2143,灵霞真仙,352387,352546,160
2144,白玉星魂果,352547,352682,136
2145,剑盟堂主的邀请,352683,352845,163
2146,对战清风大帝,352846,352990,145
2147,九宫八卦阵,352991,353150,160
2148,剑碎星河加诸神的黄昏,353151,353331,181
2149,灵霞真仙的疑惑,353332,353506,175
2150,降魔咒发威,353507,353696,190
2151,好多战利品,353697,353841,145
2152,一块白色石头,353842,354031,190
2153,方尘的洞府,354032,354248,217
2154,招惹了我还想跑?,354249,354432,184
2155,服用白玉星魂果,354433,354580,148
2156,虚空之莲,354581,354737,157
2157,三朵虚空之莲,354738,354933,196
2158,主动出手,354934,355087,154
2159,落星古城废墟,355088,355286,199
2160,矿洞中的仙药园,355287,355452,166
2161,仙草要成熟了,355453,355624,172
2162,连根挖起,355625,355808,184
2163,他们都被我杀了,355809,355995,187
2164,准仙器黑山印,355996,356164,169
2165,仙草到手,356165,356363,199
2166,再割一波,356364,356526,163
2167,就凭你还想杀我们?,356527,356716,190
2168,消失的大帝,356717,356927,211
2169,千元仙草精华,356928,357090,163
2170,第六朵虚空之莲,357091,357265,175
2171,打垮星云宫就放人,357266,357428,163
2172,梦幻仙露,357429,357621,193
2173,第八境巅峰,357622,357790,169
2174,八哥的本命灵珠,357791,357962,172
2175,星云宫主出关,357963,358110,148
2176,浮仙大帝，速速滚出来受死!,358111,358291,181
2177,你那药园，是我抢的!,358292,358451,160
2178,对战星云宫主,358452,358620,169
2179,星云宫主的实力,358621,358765,145
2180,实力不断提升,358766,358925,160
2181,剑碎星河斩星云大帝,358926,359082,157
2182,星云大世界,359083,359266,184
2183,黄沙城主的杀心,359267,359402,136
2184,星云大帝突破,359403,359574,172
2185,虚空剑帝出手,359575,359728,154
2186,霸主联手,359729,359900,172
2187,他好像对女人不感兴趣,359901,360066,166
2188,大帝斩真仙?,360067,360226,160
2189,他好像想干我们,360227,360374,148
2190,疯狂凿地,360375,360531,157
2191,凿猪的虚空剑帝,360532,360700,169
2192,虚空剑帝自爆,360701,360881,181
2193,五大派系,360882,361047,166
2194,强势进入,361048,361210,163
2195,毒更强了,361211,361397,187
2196,天阳玉石,361398,361566,169
2197,铁河真仙,361567,361747,181
2198,千寒大帝,361748,361937,190
2199,惊恐的霸土大帝,361938,362103,166
2200,让八哥出去叫嚣,362104,362281,178
2201,陈家的威严算个屁,362282,362453,172
2202,玄冰世界,362454,362604,151
2203,封心斩,362605,362755,151
2204,一剑三千年,362756,362927,172
2205,被迫突破,362928,363075,148
2206,遮仙伞,363076,363211,136
2207,七彩宝莲和仙蚕茧,363212,363380,169
2208,遮仙伞成,363381,363531,151
2209,互有利弊,363532,363670,139
2210,悲催的黑炎虎,363671,363848,178
2211,金霞大帝,363849,364038,190
2212,小心他的剑,364039,364195,157
2213,叶空的师兄,364196,364328,133
2214,他是天才,364329,364464,136
2215,仙人峰大赛,364465,364603,139
2216,挖到玉髓了,364604,364790,187
2217,黑色石头开裂,364791,365016,226
2218,特殊生命?,365017,365215,199
2219,寂灭魂针,365216,365327,112
2220,藏身蝙蝠洞,365328,365463,136
2221,卖货换梦幻仙露,365464,365635,172
2222,金色茧子,365636,365840,205
2223,人跑了，矿空了,365841,365994,154
2224,第十境,365995,366199,205
2225,小星要渡劫,366200,366356,157
2226,大帝魔星藤,366357,366504,148
2227,剑盟的人在找你,366505,366667,163
2228,灵魂大杀器,366668,366845,178
2229,绝望深渊,366846,367029,184
2230,战阵成功,367030,367186,157
2231,最强攻击,367187,367343,157
2232,被窥视的感觉,367344,367509,166
2233,八哥得到的大杀器,367510,367672,163
2234,星魂泪,367673,367841,169
2235,炼器界的局外人,367842,367989,148
2236,浮仙剑阵,367990,368161,172
2237,浮仙大帝来了,368162,368363,202
2238,终于等到他了,368364,368550,187
2239,寂灭魂针的威力,368551,368752,202
2240,剑阵锁元,368753,368939,187
2241,百年后再见,368940,369090,151
2242,铁河真仙的决定,369091,369235,145
2243,炼制星魂泪,369236,369404,169
2244,十滴星魂泪,369405,369579,175
2245,对手来了,369580,369769,190
2246,千手大帝和黑莲子,369770,369944,175
2247,灭千手大帝,369945,370119,175
2248,灭星云宫,370120,370285,166
2249,金色星魂泪,370286,370439,154
2250,五五分账,370440,370587,148
2251,连一条狗都没留下,370588,370723,136
2252,创建浮仙城,370724,370874,151
2253,半仙境界的灵魂,370875,371022,148
2254,真仙境界，大赛开始,371023,371215,193
2255,仙人峰,371216,371363,148
2256,以杀戮为主,371364,371481,118
2257,黑暗盲蜥,371482,371674,193
2258,灵武大帝,371675,371831,157
2259,一把剑,371832,371955,124
2260,黑暗章脚龟,371956,372157,202
2261,剑难拔,372158,372335,178
2262,玄阴剑,372336,372495,160
2263,混乱星海,372496,372679,184
2264,小鹤蜕变,372680,372857,178
2265,红色星辰,372858,373047,190
2266,金光鸟,373048,373237,190
2267,金乌血脉,373238,373409,172
2268,七哥照样怼,373410,373617,208
2269,那枯树有生命,373618,373867,250
2270,被镇压的树妖,373868,374060,193
2271,九合一，真仙级妖兽,374061,374235,175
2272,树妖发芽,374236,374422,187
2273,十万年了,374423,374588,166
2274,树枝当柴,374589,374766,178
2275,新的修炼方向,374767,374935,169
2276,连续转身,374936,375110,175
2277,又开始狂了?,375111,375303,193
2278,树妖化形,375304,375454,151
2279,大力仙草爆发,375455,375674,220
2280,力量道纹,375675,375837,163
2281,一个生命周期,375838,376021,184
2282,星辰核心的石碑,376022,376199,178
2283,灵魂秘法,376200,376380,181
2284,噬魂风暴,376381,376558,178
2285,石碑消融,376559,376760,202
2286,绿金山脉,376761,376935,175
2287,幽寒大帝,376936,377086,151
2288,你就是浮仙大帝?,377087,377234,148
2289,山崩地裂,377235,377412,178
2290,伏地花出现,377413,377611,199
2291,永恒之壁,377612,377813,202
2292,寂灭天莲,377814,377976,163
2293,无忧战阵,377977,378133,157
2294,青莲战阵,378134,378293,160
2295,破青莲战阵,378294,378483,190
2296,留给他自己杀好了,378484,378661,178
2297,叶青瓷的排名,378662,378827,166
2298,伏地魔王,378828,379017,190
2299,绿金矿石,379018,379198,181
2300,发大招?,379199,379388,190
2301,万剑山,379389,379566,178
2302,真阳大帝,379567,379726,160
2303,金蝉岭的浮仙大帝,379727,379925,199
2304,战真阳大帝,379926,380094,169
2305,仙器阴阳剑,380095,380272,178
2306,灭杀真阳大帝,380273,380447,175
2307,五大家族的敌人,380448,380643,196
2308,万剑山巅,380644,380827,184
2309,金袍老者的实力,380828,380999,172
2310,进入时间秘境,381000,381156,157
2311,时光飞逝,381157,381343,187
2312,七千五百年,381344,381521,178
2313,万剑山碎,381522,381678,157
2314,被追杀的八哥,381679,381877,199
2315,群灭,381878,382022,145
2316,嗜血魔龙,382023,382218,196
2317,一个人的战场,382219,382390,172
2318,红云鳄,382391,382517,127
2319,仙弓,382518,382644,127
2320,看我怎么弄死它,382645,382810,166
2321,单挑独角魔音蛇,382811,382952,142
2322,继续来啊!,382953,383082,130
2323,看你能砍到什么时候,383083,383239,157
2324,仙弓到手,383240,383411,172
2325,独角魔音蛇，死!,383412,383568,157
2326,目标，冲第一,383569,383746,178
2327,青翅大鹏鸟,383747,383930,184
2328,秦广的危机感,383931,384099,169
2329,终遇叶青瓷,384100,384241,142
2330,灭陆家大帝,384242,384410,169
2331,你说谁变态呢?,384411,384585,175
2332,发现魔窟,384586,384763,178
2333,杀戮值第五名,384764,384974,211
2334,榜首,384975,385149,175
2335,魔化金甲犀,385150,385309,160
2336,他杀过七转真仙,385310,385466,157
2337,百亿杀戮值,385467,385686,220
2338,五大战阵,385687,385807,121
2339,化整为零,385808,385985,178
2340,落星仙剑,385986,386142,157
2341,仙剑锁阵,386143,386287,145
2342,黑石压仙阵,386288,386477,190
2343,陈兄，救命!,386478,386631,154
2344,真正的强者,386632,386809,178
2345,家喻户晓，浮仙大帝!,386810,386954,145
2346,混沌大仙,386955,387117,163
2347,五大家族的老祖,387118,387253,136
2348,天元仙山被毁,387254,387401,148
2349,权限提升,387402,387588,187
2350,奖励还没齐全,387589,387700,112
2351,五十亿贡献值,387701,387857,157
2352,九转长生丹,387858,387999,142
2353,传授灵剑诀,388000,388138,139
2354,千年之后,388139,388292,154
2355,天河图器灵,388293,388479,187
2356,难以抉择,388480,388618,139
2357,都朝上?,388619,388811,193
2358,融合路线,388812,389007,196
2359,断界碑,389008,389188,181
2360,前往螳螂山的通道,389189,389345,157
2361,是他，是他，就是他!,389346,389535,190
2362,我插翅难逃?,389536,389671,136
2363,去螳螂山看热闹,389672,389828,157
2364,五大战阵，不堪一击,389829,390033,205
2365,大帝境界，大仙实力,390034,390202,169
2366,又一块大白石,390203,390380,178
2367,九星连珠,390381,390552,172
2368,联系上分身,390553,390727,175
2369,蛮荒古域现状,390728,390893,166
2370,最新的浮仙战阵,390894,391020,127
2371,人在城在,391021,391180,160
2372,炼制仙器,391181,391346,166
2373,彩色流星泪,391347,391503,157
2374,威力还不够强,391504,391666,163
2375,灰色流星泪,391667,391856,190
2376,可重创大仙,391857,392037,181
2377,灵心宫主归来,392038,392209,172
2378,一颗黑色珠子,392210,392375,166
2379,抵达终焉之地,392376,392550,175
2380,玄黄大仙，欢迎光临,392551,392764,214
2381,幽灵界,392765,392915,151
2382,琼瑶仙露,392916,393102,187
2383,幽灵界的时间加速秘境,393103,393271,169
2384,世界之力,393272,393455,184
2385,噬魔仙剑,393456,393648,193
2386,黑石大仙,393649,393829,181
2387,一剑砍爆,393830,394004,175
2388,上场试宝,394005,394191,187
2389,优先权利,394192,394354,163
2390,拉同伴一把,394355,394493,139
2391,这功法要逆天,394494,394656,163
2392,全面召唤,394657,394879,223
2393,仙王之姿,394880,395072,193
2394,瑶池大仙,395073,395253,181
2395,剑帝,395254,395404,151
2396,幽灵界的时间秘境,395405,395576,172
2397,炼宝三百年,395577,395721,145
2398,受刺激的时间秘境,395722,395896,175
2399,隔绝世界之力,395897,396080,184
2400,堪比四转大仙,396081,396282,202
2401,陪他疯狂一把,396283,396469,187
2402,卷入魔族巢穴,396470,396656,187
2403,天魔散发威,396657,396882,226
2404,就剩下魔头了,396883,397075,193
2405,九转大仙自爆,397076,397274,199
2406,界源石,397275,397470,196
2407,遇到大祸了?,397471,397702,232
2408,分配贡献值,397703,397901,199
2409,半步仙王?,397902,398091,190
2410,人族准仙王,398092,398311,220
2411,杀回天外天,398312,398480,169
2412,浮游仙山,398481,398682,202
2413,一剑毁仙山,398683,398902,220
2414,无忧大仙出现,398903,399098,196
2415,五大老祖齐现,399099,399339,241
2416,灭五大家族,399340,399529,190
2417,天河图器灵召唤,399530,399725,196
2418,三根尖刺,399726,399873,148
2419,千倍的时间流速,399874,400030,157
2420,震惊天外天,400031,400181,151
2421,五大老祖复活,400182,400332,151
2422,打工还债,400333,400489,157
2423,人族像疯子,400490,400640,151
2424,突破，仙王战力,400641,400818,178
2425,拔尖刺,400819,401041,223
2426,豪猪真魔皇,401042,401216,175
2427,把尖刺收了,401217,401406,190
2428,天河图的主人,401407,401566,160
2429,想看你炼丹,401567,401783,217
2430,天机塔的塔灵,401784,401970,187
2431,长生道果,401971,402166,196
2432,命轮修复，寿元无尽,402167,402332,166
2433,无法保存,402333,402510,178
2434,见仙王,402511,402712,202
2435,偷天,402713,402920,208
2436,器灵的建议,402921,403065,145
2437,天外天本源空间修炼,403066,403240,175
2438,六转仙王,403241,403438,198
