章节号,原编号,章节标题,起始行号,结束行号,行数
1,1,"陨落的天才",4,166,163
2,2,"斗气大陆",167,350,184
3,3,"客人",351,480,130
4,4,"云岚宗",481,583,103
5,5,"聚气散",584,695,112
6,6,"炼药师",696,837,142
7,7,"休!",838,991,154
8,8,"神秘的老者",992,1130,139
9,9,"药老!",1131,1326,196
10,0,"借钱",1327,1474,148
11,1,"坊市",1475,1607,133
12,2,"离他远点",1608,1713,106
13,3,"黑铁片",1714,1834,121
14,4,"吸掌",1835,1994,160
15,5,"修炼",1995,2139,145
16,6,"萧宁",2140,2284,145
17,7,"冲突",2285,2390,106
18,8,"玄阶高级斗技:八极崩",2391,2484,94
19,9,"残酷训练",2485,2581,97
20,20,"拍卖",2582,2657,76
21,21,"二品炼药师谷尼",2658,2802,145
22,22,"风卷决",2803,2959,157
23,23,"争抢",2960,3104,145
24,24,"一切待续",3105,3204,100
25,25,"钱由我出",3205,3340,136
26,26,"苦修",3341,3434,94
27,27,"冲击第七段",3435,3534,100
28,28,"强化吸掌",3535,3670,136
29,29,"重要的日子",3671,3776,106
30,30,"辱人者，人恒辱之",3777,3900,124
31,31,"一星斗者",3901,4021,121
32,32,"挑战",4022,4145,124
33,33,"证实",4146,4263,118
34,34,"翻身",4264,4369,106
35,35,"罪恶感",4370,4457,88
36,36,"滑稽的突破",4458,4563,106
37,37,"萧玉",4564,4675,112
38,38,"这小家伙，不简单呐",4676,4772,97
39,39,"仪式复测",4773,4881,109
40,40,"震撼",4882,4963,82
41,41,"增气散",4964,5066,103
42,42,"你输了",5067,5163,97
43,43,"强横的萧炎",5164,5269,106
44,44,"陪你试试",5270,5366,97
45,45,"落幕",5367,5466,100
46,46,"暴怒的萧炎",5467,5584,118
47,47,"亵渎",5585,5687,103
48,48,"斗气阁",5688,5793,106
49,49,"选择功法",5794,5929,136
50,50,"帮?",5930,6035,106
51,51,"安心",6036,6126,91
52,52,"突破",6127,6250,124
53,53,"第九段",6251,6347,97
54,54,"筹钱",6348,6468,121
55,55,"不小心",6469,6562,94
56,56,"迦南学院",6563,6653,91
57,57,"广告",6654,6735,82
58,58,"高价",6736,6859,124
59,59,"拍卖结束",6860,6947,88
60,60,"药材到手",6948,7056,109
61,61,"装",7057,7180,124
62,62,"打",7181,7277,97
63,63,"异火榜",7278,7362,85
64,64,"炼制聚气散",7363,7468,106
65,65,"晋级斗者",7469,7580,112
66,66,"焚决",7581,7692,112
67,67,"选择",7693,7786,94
68,68,"陨落心炎",7787,7877,91
69,69,"气愤的薰儿",7878,7974,97
70,70,"探查",7975,8074,100
71,71,"萧家形势",8075,8192,118
72,72,"初学炼药",8193,8316,124
73,73,"第一次炼药",8317,8440,124
74,74,"不请自来",8441,8540,100
75,75,"大手笔",8541,8631,91
76,76,"合作",8632,8728,97
77,77,"断其药路",8729,8840,112
78,78,"炼啊炼的就突破了",8841,8994,154
79,79,"萧家的反击",8995,9121,127
80,80,"炼药师柳席",9122,9233,112
81,81,"察觉",9234,9360,127
82,82,"坦白",9361,9472,112
83,83,"小坊主",9473,9554,82
84,84,"废掉",9555,9681,127
85,85,"接受",9682,9778,97
86,86,"挑战",9779,9857,79
87,87,"下杀手",9858,9966,109
88,88,"落幕",9967,10099,133
89,89,"月黑风高",10100,10238,139
90,90,"料理后事",10239,10401,163
91,91,"夜中相遇",10402,10528,127
92,92,"抢",10529,10646,118
93,93,"半路毁药",10647,10747,101
94,94,"眼光挺差",10748,10863,116
95,95,"眼光挺差",10864,10978,115
96,96,"加列家族的境地",10979,11084,106
97,97,"承喏",11085,11208,124
98,98,"雪妮",11209,11341,133
99,99,"刁难",11342,11525,184
100,100,"威胁",11526,11721,196
101,101,"潜力值的分级",11722,11929,208
102,102,"最恐怖的一个",11930,12074,145
103,103,"请假",12075,12222,148
104,104,"初战大斗师",12223,12535,313
105,105,"离去之前",12536,12776,241
106,106,"离开",12777,12945,169
107,107,"云岚宗",12946,13129,184
108,108,"八极崩的暗劲",13130,13283,154
109,109,"血莲精",13284,13404,121
110,110,"小医仙",13405,13531,127
111,111,"加入队伍",13532,13679,148
112,112,"进入魔兽山脉",13680,13821,142
113,113,"山洞",13822,13996,175
114,114,"探宝",13997,14168,172
115,115,"洞口遇险",14169,14376,208
116,116,"冰灵焰草",14377,14557,181
117,117,"飞行斗技:鹰之翼...",14558,14759,202
118,118,"生死逃亡",14760,15327,568
119,119,"紫云翼",15328,15499,172
120,120,"净莲妖火",15500,15644,145
121,121,"晋级六星",15645,16161,517
122,122,"地阶斗技:焰分噬...",16162,16384,223
123,123,"报复开始",16385,16562,178
124,124,"杀戮",16563,16746,184
125,125,"八星斗者赫蒙",16747,16936,190
126,126,"击杀",16937,17114,178
127,127,"大围剿",17115,17280,166
128,128,"追杀",17281,17467,187
129,129,"独战斗师",17468,17636,169
130,130,"突破七星",17637,17799,163
131,131,"神秘女人与六阶魔...",17800,17959,160
132,132,"斗皇级别的战斗",17960,18146,187
133,133,"旖旎的疗伤",18147,18285,139
134,134,"山洞同居",18286,18448,163
135,135,"春药惹得祸",18449,18593,145
136,136,"春光满洞",18594,18720,127
137,137,"破解封印",18721,18868,148
138,138,"联手行动",18869,19019,151
139,139,"伴生紫晶源",19020,19167,148
140,140,"紫灵晶到手",19168,19327,160
141,141,"生死时速",19328,19475,148
142,142,"吸收紫色能量",19476,19611,136
143,143,"九星斗者",19612,19744,133
144,144,"甘慕",19745,19904,160
145,151,"击杀九星斗者",19905,20046,142
146,152,"再见小医仙",20047,20191,145
147,153,"闯狼头",20192,20339,148
148,154,"踢场",20340,20493,154
149,155,"击杀二星斗师",20494,20704,211
150,156,"小山谷",20705,20870,166
151,157,"紫焰",20871,21015,145
152,158,"炼化火种",21016,21157,142
153,159,"奇怪的言行",21158,21296,139
154,160,"厄难毒体",21297,21447,151
155,161,"可怕的体质",21448,21595,148
156,162,"吞噬紫火之前的准备...",21596,21905,310
157,163,"魔核到手",21906,22041,136
158,164,"炼丹!功法进化!",22042,22327,286
159,165,"晋阶斗师!",22328,22472,145
160,166,"斗师与斗者的差距...",22473,22602,130
161,167,"离别",22603,22741,139
162,168,"炼化异火的三种必...",22742,22883,142
163,169,"奥托大师",22884,23019,136
164,170,"炼药师公会",23020,23194,175
165,171,"一品炼药师的考核...",23195,23348,154
166,172,"通过考核",23349,23505,157
167,173,"最年轻的二品炼药...",23506,23641,136
168,174,"炼药师的极品待遇...",23642,23777,136
169,175,"古特",23778,23937,160
170,176,"交换",23938,24091,154
171,177,"冰灵寒泉到手",24092,24245,154
172,178,"炼药师大会",24246,24399,154
173,179,"飞行途中",24400,24532,133
174,180,"五品丹药所引发的空...",24533,24674,142
175,181,"抵达",24675,24822,148
176,182,"神秘的残破图片?...",24823,24940,118
177,183,"神秘的老人",24941,25085,145
178,184,"交手",25086,25236,151
179,185,"药老出手",25237,25378,142
180,186,"曾经的十大强者，...",25379,25550,172
181,187,"沙漠之行",25551,25683,133
182,188,"沙漠苦修",25684,25792,109
183,189,"巧遇",25793,25943,151
184,190,"初遇蛇人 斗师初显...",25944,26229,286
185,191,"兄弟",26230,26371,142
186,192,"青鳞",26372,26525,154
187,193,"测验",26526,26658,133
188,194,"兄弟间的比试",26659,26815,157
189,195,"青鳞的发现",26816,26963,148
190,196,"探测地形",26964,27093,130
191,197,"解决麻烦",27094,27226,133
192,198,"通道",27227,27368,142
193,199,"探测",27369,27513,145
194,200,"岩浆中的神秘生物",27514,27658,145
195,201,"遇袭",27659,27788,130
196,202,"双头火灵蛇",27789,27918,130
197,203,"药老出手",27919,28051,133
198,204,"碧蛇三花瞳",28052,28202,151
199,196,"地穴之底",28203,28362,160
200,197,"青莲地心火",28363,28531,169
201,198,"略有收获",28532,28679,148
202,199,"晋级!启程!",28680,28830,151
203,200,"沙漠深处",28831,28948,118
204,201,"蛇女月媚",28949,29090,142
205,202,"恐怖的阵容!",29091,29235,145
206,203,"强者间的战斗",29236,29356,121
207,204,"神秘黑袍人",29357,29489,133
208,205,"夜闯部落",29490,29631,142
209,206,"沙漠中心的城市",29632,29749,118
210,207,"美杜莎女王",29750,29888,139
211,208,"丹王古河的大手笔!...",29889,30006,118
212,209,"谈判失败",30007,30148,142
213,210,"争分夺秒",30149,30296,148
214,211,"再见青莲地心火!...",30297,30411,115
215,212,"进化开始",30412,30550,139
216,213,"进化成功?",30551,30686,136
217,214,"七彩吞天蟒",30687,30831,145
218,215,"收服青莲地心火!...",30832,30967,136
219,216,"混乱的局面",30968,31112,145
220,217,"携宝而逃",31113,31227,115
221,218,"千里逃亡",31228,31354,127
222,219,"云芝?",31355,31523,169
223,220,"短促的相见",31524,31647,124
224,221,"五蛇毒刹印",31648,31804,157
225,222,"能耐",31805,31916,112
226,223,"开花结果时",31917,32052,136
227,224,"异火的吞噬，启动...",32053,32194,142
228,225,"抽离火种",32195,32306,112
229,226,"异火锻体",32307,32418,112
230,227,"成功",32419,32533,115
231,228,"修补与强化",32534,32663,130
232,232,"萧炎的第一种本源...",32664,32802,139
233,233,"进化功法!",32803,32932,130
234,234,"煎熬之痛",32933,33005,73
235,235,"焚决进化!",33006,33138,133
236,236,"再见冰皇",33139,33250,112
237,237,"谈话",33251,33338,88
238,238,"天鼎榜",33339,33417,79
239,239,"深藏不露",33418,33544,127
240,240,"破解封印",33545,33698,154
241,241,"残图到手，聘请保...",33699,33840,142
242,242,"石漠城的变故",33841,34060,220
243,243,"击杀大斗师!",34061,34445,385
244,244,"直闯",34446,34659,214
245,245,"震慑",34660,34765,106
246,246,"墨家",34766,34886,121
247,247,"吞并",34887,35025,139
248,248,"盐城",35026,35137,112
249,249,"纳兰!",35138,35333,196
250,250,"休整",35334,35454,121
251,251,"长久打手",35455,35569,115
252,252,"纳兰嫣然",35570,35702,133
253,253,"搜寻以及墨家的野...",35703,35871,169
254,254,"墨盟",35872,36016,145
255,255,"砸场",36017,36164,148
256,256,"狠辣手段",36165,36321,157
257,257,"斩杀墨承",36322,36460,139
258,258,"神秘的青衣女人",36461,36608,148
259,259,"三名斗皇强者的战...",36609,36759,151
260,260,"八翼黑蛇皇",36760,36910,151
261,261,"天空大战",36911,37070,160
262,262,"异火相融，佛怒火...",37071,37251,181
263,263,"恐怖的破坏力",37252,37366,115
264,264,"药老沉睡",37367,37511,145
265,265,"依靠自己",37512,37641,130
266,266,"休养与控火能力",37642,37744,103
267,267,"美杜莎女王再现?...",37745,37865,121
268,268,"较量",37866,38013,148
269,269,"暴涨的契合度",38014,38119,106
270,270,"紫火丹",38120,38273,154
271,271,"山寨版的佛怒火莲...",38274,38355,82
272,272,"解决隐患，离开之...",38356,38434,79
273,273,"抵达帝都",38435,38552,118
274,274,"米特尔拍卖场，故...",38553,38766,214
275,275,"恶毒",38767,38917,151
276,276,"寻药",38918,39047,130
277,277,"阻拦",39048,39162,115
278,278,"贱骨头",39163,39307,145
279,279,"七幻青灵涎",39308,39449,142
280,280,"薰儿",39450,39576,127
281,281,"隐藏在暗中的保护...",39577,39688,112
282,282,"我试试",39689,39818,130
283,283,"倔着骨，咬着牙，忍...",39819,40047,229
284,284,"驱毒",40048,40180,133
285,285,"意外之喜，黑指",40181,40367,187
286,286,"淘宝",40368,40518,151
287,287,"冠军的福利",40519,40705,187
288,288,"参加",40706,40883,178
289,289,"柳翎",40884,41061,178
290,290,"潜在对手",41062,41221,160
291,291,"晋级七星，最后的...",41222,41405,184
292,292,"提炼",41406,41577,172
293,293,"测验",41578,41833,256
294,294,"结束",41834,41960,127
295,296,"黑马",41961,42126,166
296,297,"聚会，木战",42127,42478,352
297,298,"短暂的对决",42479,42611,133
298,299,"纳兰嫣然的出手",42612,42765,154
299,300,"收场",42766,42910,145
300,301,"突如其来的斗皇气势...",42911,43085,175
301,302,"麻袍加老",43086,43314,229
302,303,"加老的实力",43315,43450,136
303,304,"法犸，夭夜，大会开始...",43451,43865,415
304,305,"第一轮，开始!",43866,44046,181
305,306,"惊心动魄",44047,44251,205
306,307,"测验，神秘的灰袍人...",44252,44510,259
307,308,"过于简单的第二轮",44511,44649,139
308,309,"问题所在",44650,44797,148
309,310,"力挽狂澜 大会暂休...",44798,45050,253
310,311,"诡秘的黑袍人",45051,45288,238
311,312,"真相",45289,45421,133
312,313,"炎利",45422,45554,133
313,314,"天降横财",45555,45717,163
314,315,"三纹青灵丹",45718,45856,139
315,316,"最后一轮:开始!",45857,45989,133
316,317,"各显神通",45990,46116,127
317,318,"失败",46117,46273,157
318,319,"冠军，我要了!",46274,46403,130
319,320,"再度崛起",46404,46515,112
320,321,"紫心破障丹",46516,46669,154
321,322,"炸炉",46670,46805,136
322,323,"最后的胜利者!",46806,46965,160
323,324,"评价",46966,47092,127
324,325,"大会结束!",47093,47216,124
325,326,"领取奖励",47217,47352,136
326,327,"七幻青灵涎到手",47353,47479,127
327,328,"药老苏醒?",47480,47630,151
328,329,"夜谈",47631,47742,112
329,330,"服用三纹青灵丹",47743,47848,106
330,331,"晋阶大斗师!",47849,48008,160
331,332,"托付",48009,48183,175
332,333,"萧家，萧炎!",48184,48316,133
333,334,"三年之约!",48317,48428,112
334,335,"纳兰嫣然，败?",48429,48585,157
335,336,"双方的真实实力",48586,48715,130
336,337,"白热化的战斗!",48716,48845,130
337,338,"风之极:落日耀",48846,49014,169
338,339,"暴露",49015,49147,133
339,340,"小型佛怒火莲!",49148,49265,118
340,341,"结束",49266,49422,157
341,342,"风波再起",49423,49624,202
342,343,"逃不掉的麻烦",49625,49766,142
343,344,"一触即发",49767,49902,136
344,345,"三名斗王强者",49903,50056,154
345,346,"大战!",50057,50207,151
346,347,"七彩吞天蟒出场!...",50208,50328,121
347,348,"悲剧的云棱",50329,50557,229
348,349,"云烟覆日阵",50558,50702,145
349,350,"神秘斗皇出场!",50703,50856,154
350,351,"斗皇，凌影",50857,50998,142
351,352,"云岚宗的底牌!",50999,51170,172
352,353,"云岚宗上任宗主，...",51171,51519,349
353,354,"下山",51520,51718,199
354,355,"分别与交易",51719,51896,178
355,356,"回家之途",51897,52095,199
356,357,"萧家变故",52096,52321,226
357,358,"一个不留",52322,52484,163
358,359,"他必须死",52485,52623,139
359,360,"安顿萧家",52624,52882,259
360,361,"再上云岚宗!",52883,53063,181
361,362,"药岩，云芝",53064,53217,154
362,363,"击杀云棱",53218,53365,148
363,364,"生死之局!",53366,53555,190
364,365,"生死门",53556,53685,130
365,366,"斗宗强者间的大战...",53686,54010,325
366,367,"大逃亡开始",54011,54110,100
367,368,"养伤",54111,54237,127
368,369,"节攀升!晋级!",54238,54346,109
369,370,"天火三玄变!",54347,54488,142
370,371,"秘法的妙处",54489,54624,136
371,372,"血腥报复!",54625,54868,244
372,373,"魔兽山脉中的围杀...",54869,55016,148
373,374,"突如其来的援兵",55017,55170,154
374,375,"逃脱",55171,55327,157
375,376,"大岭城",55328,55424,97
376,377,"离开前的准备",55425,55545,121
377,378,"黑角域",55546,55636,91
378,379,"暴露",55637,55808,172
379,380,"离开加玛帝国!",55809,55959,151
380,381,"神秘势力，魂殿?",55960,56071,112
381,382,"迦南学院，萧家有...",56072,56246,175
382,383,"黑域大平原",56247,56352,106
383,384,"不需要慈悲的混乱...",56353,56440,88
384,385,"黑榜，黑风暴",56441,56576,136
385,386,"黑印城",56577,56697,121
386,387,"经济窘迫的萧炎",56698,56806,109
387,388,"炼丹脱贫",56807,56927,121
388,389,"黑印拍卖场",56928,57045,118
389,390,"拍卖会开始",57046,57166,121
390,391,"飞行斗技:雷蝠天...",57167,57296,130
391,392,"雷蝠天翼的争夺以...",57297,57444,148
392,393,"横生变故",57445,57574,130
393,394,"地阶身法斗技:三...",57575,57695,121
394,395,"重头戏!",57696,57822,127
395,396,"七品丹药:阴阳玄...",57823,57895,73
396,397,"尾随",57896,58034,139
397,398,"埋伏截杀",58035,58161,127
398,399,"大路激战",58162,58303,142
399,400,"鹬蚌相争，萧炎得利!",58304,58475,172
400,401,"天火三玄变第一重:...",58476,58611,136
401,402,"收获!",58612,58765,154
402,403,"吞服阴阳玄龙丹!",58766,58910,145
403,404,"和平镇",58911,59052,142
404,405,"迦南学院执法队",59053,59167,115
405,406,"关键时刻!",59168,59513,346
406,407,"一招",59514,59661,148
407,408,"杀鸡儆猴",59662,59803,142
408,409,"黑夜中的对碰",59804,59993,190
409,410,"初次交锋",59994,60123,130
410,411,"扑朔迷离",60124,60232,109
411,412,"劲敌",60233,60338,106
412,413,"对战陆牧",60339,60462,124
413,414,"玩火",60463,60619,157
414,415,"丹火之技",60620,60785,166
415,416,"执法队:吴昊",60786,60900,115
416,417,"挑战",60901,61027,127
417,418,"家传玉片",61028,61211,184
418,419,"最后的选拔赛",61212,61332,121
419,420,"大混战",61333,61456,124
420,421,"撼雷地弧爆",61457,61574,118
421,422,"战斗中晋级!",61575,61683,109
422,423,"薰儿的实力",61684,61756,73
423,424,"以一敌三",61757,61886,130
424,425,"毫不留情",61887,62010,124
425,426,"比赛落幕",62011,62110,100
426,427,"大赛后的安宁",62111,62204,94
427,428,"神秘的藏书阁",62205,62331,127
428,429,"神秘的守阁人",62332,62458,127
429,430,"争抢",62459,62585,127
430,431,"声波斗技",62586,62724,139
431,432,"狮虎碎金吟",62725,62869,145
432,433,"修炼",62870,62987,118
433,434,"虎啸震山林",62988,63114,127
434,435,"内院的位置",63115,63211,97
435,436,"火能猎捕赛",63212,63332,121
436,437,"队长",63333,63441,109
437,438,"反抢",63442,63601,160
438,439,"火能的作用",63602,63737,136
439,440,"猎人与猎物的位置调...",63738,63882,145
440,441,"飞速成长的配合",63883,63997,115
441,442,"形成整体之后的战...",63998,64112,115
442,443,"大反击",64113,64236,124
443,444,"强者对战",64237,64366,130
444,445,"大战起",64367,64418,52
445,446,"胜局暂现",64419,64521,103
446,447,"鹬蚌相争，渔翁后...",64522,64642,121
447,448,"变故",64643,64775,133
448,449,"斗黑煞队",64776,64896,121
449,450,"争分夺秒",64897,65017,121
450,451,"扭转局面",65018,65126,109
451,452,"悲愤的沙铁",65127,65244,118
452,453,"分赃，养伤",65245,65395,151
453,454,"白煞队",65396,65552,157
454,455,"最后的大战!",65553,65832,280
455,456,"赢!",65833,65962,130
456,457,"奖励",65963,66107,145
457,458,"安顿",66108,66249,142
458,459,"新生纳贡费",66250,66391,142
459,460,"震慑与客气",66392,66515,124
460,461,"磐门!",66516,66636,121
461,462,"神秘黑塔",66637,66817,181
462,463,"修炼加速器",66818,67046,229
463,464,"震动",67047,67221,175
464,465,"初见",67222,67342,121
465,466,"黑洞",67343,67502,160
466,467,"神秘的无形火蟒",67503,67617,115
467,468,"麻烦事",67618,67840,223
468,469,"赌注",67841,68012,172
469,470,"战付敖",68013,68298,286
470,471,"白帮的实力",68299,68428,130
471,472,"相遇",68429,68588,160
472,473,"暗中交锋",68589,68733,145
473,474,"中级修炼室",68734,68884,151
474,475,"淬炼",68885,69002,118
475,476,"第二层",69003,69129,127
476,477,"探查与会谈",69130,69247,118
477,478,"七星大斗师",69248,69368,121
478,479,"磐门的变化",69369,69504,136
479,480,"陀舍古帝玉?",69505,69640,136
480,481,"陀舍古帝",69641,69752,112
481,482,"青木仙藤",69753,69891,139
482,483,"古怪的家伙",69892,70036,145
483,484,"交易",70037,70190,154
484,485,"青芝火灵膏，速灵...",70191,70320,130
485,486,"闭关",70321,70444,124
486,487,"找上门的麻烦",70445,70580,136
487,488,"柳菲",70581,70722,142
488,489,"赫长老",70723,70843,121
489,490,"修炼进展",70844,70958,115
490,491,"再次突破!",70959,71067,109
491,492,"霸枪柳擎",71068,71161,94
492,493,"赚取火能",71162,71285,124
493,494,"大批炼制",71286,71403,118
494,495,"丰硕的收获!",71404,71539,136
495,496,"16kxs.com 冲突",71540,71666,127
496,497,"16xsc○m药帮韩闲...",71667,71775,109
497,498,"比试",71776,71914,139
498,499,"比试题目:龙力丹...",71915,72077,163
499,500,"幻金火",72078,72192,115
500,501,"半成品",72193,72319,127
501,502,"幸不辱命",72320,72443,124
502,503,"胜利",72444,72576,133
503,504,"招纳",72577,72682,106
504,505,"修炼，三千雷动",72683,72818,136
505,506,"风雷之力",72819,72942,124
506,507,"炼化成功",72943,73066,124
507,508,"雷闪",73067,73181,115
508,509,"16kxs.com领悟，尺法...",73182,73341,160
509,510,"地心淬体乳",73342,73438,97
510,511,"强榜高手",73439,73550,112
511,512,"狂暴血脉",73551,73707,157
512,513,"邀请",73708,73828,121
513,514,"蟒猿相斗",73829,73940,112
514,515,"寻宝",73941,74022,82
515,516,"真假地心乳",74023,74149,127
516,517,"美杜莎女王再现",74150,74261,112
517,518,"约定",74262,74379,118
518,519,"调配药液",74380,74500,121
519,520,"九星大斗师",74501,74603,103
520,521,"晋阶斗灵",74604,74718,115
521,522,"回院",74719,74839,121
522,523,"出场",74840,74993,154
523,524,"激战",74994,75129,136
524,525,"对战六星斗灵",75130,75247,118
525,526,"拼药",75248,75341,94
526,527,"强力一击",75342,75456,115
527,528,"敌败",75457,75568,112
528,529,"一耳光",75569,75794,226
529,530,"强榜排名",75795,75897,103
530,531,"神秘的强榜第一",75898,75997,100
531,532,"冰火龙须果",75998,76106,109
532,533,"神秘白衣小女孩",76107,76236,130
533,534,"不是人",76237,76360,124
534,535,"最后一种材料",76361,76475,115
535,536,"交换",76476,76611,136
536,537,"到手",76612,76717,106
537,538,"炼制地灵丹",76718,76841,124
538,539,"动静",76842,76974,133
539,540,"药皇，韩枫!",76975,77086,112
540,541,"丹成",77087,77225,139
541,542,"探宝的天赋",77226,77367,142
542,543,"急事?",77368,77500,133
543,544,"回外院",77501,77645,145
544,545,"族中变故",77646,77781,136
545,546,"魂殿参与",77782,77875,94
546,547,"萧炎的打算",77876,77978,103
547,548,"摆擂接战",77979,78063,85
548,549,"姚盛",78064,78169,106
549,550,"初步交锋",78170,78317,148
550,551,"一号修炼室",78318,78435,118
551,552,"塔中暴动",78436,78547,112
552,553,"陨落心炎提前的暴...",78548,78671,124
553,554,"大长...",78672,78783,112
554,555,"冤家路窄",78784,78895,112
555,556,"针锋相对",78896,79013,118
556,557,"定对手",79014,79125,112
557,558,"大赛开始",79126,79246,121
558,559,"贝崌",79247,79346,100
559,560,"尺法",79347,79478,132
560,561,"血地八裂场中",79479,79584,106
561,562,"青火盔甲灰尘弥漫之中",79585,79681,97
562,563,"柳擎的出场望着那重重撞在墙壁上不知死活的白程",79682,79814,133
563,564,"大裂劈棺爪",79815,80578,764
564,541,"耀眼萧炎平静的声音回荡在广场中",80579,82038,1460
565,552,"落幕",82039,82498,460
566,556,"分离",82499,83206,708
567,562,"破塔！",83207,84830,1624
568,504,"赶尽杀绝蔚蓝天际",84831,85184,354
569,577,"斑哦的能量匹练",85185,86226,1042
570,584,"绝境",86227,86498,272
571,586,"生死之段",86499,86640,142
572,587,"缓慢的蜕变",86641,88340,1700
573,598,"召集人手",88341,88687,347
574,600,"喝退",88688,88835,148
575,601,"援兵",88836,89037,202
576,602,"击杀范痨",89038,89176,139
577,603,"大开杀戒",89177,89339,163
578,604,"噬生丹",89340,89886,547
579,608,"交锋",89887,90400,514
580,612,"翡翠火莲",90401,90530,130
581,612,"你的命。",90531,90672,142
582,614,"魂殿再现",90673,90811,139
583,615,"幽海纳戒“不愧是黑盟盟主",90812,90920,109
584,616,"闭关疗伤随着枫城的那场激烈大战的过去",90921,91017,97
585,617,"帝遇手掌抚摸着这漆黑卷轴",91018,91132,115
586,618,"打算",91133,91410,278
587,620,"修炼开山印！",91411,91764,354
588,623,"震慑",91765,92021,257
589,625,"收罗药材",92022,92224,203
590,627,"丹药拍卖会",92225,92708,484
591,621,"药老苏醒！",92709,92826,118
592,632,"师徒相旦天空之上",92827,92924,98
593,633,"炼制躯体的材料",92925,93054,130
594,634,"寻解之法",93055,93172,118
595,635,"恢复",93173,93296,124
596,636,"姚氏三兄弟",93297,93426,130
597,637,"照看",93427,93544,118
598,638,"安置磐门",93545,93665,121
599,639,"十招",93666,93837,172
600,640,"安宁",93838,94003,166
601,641,"万事皆备",94004,94079,76
602,642,"离开内院",94080,94176,97
603,643,"启程:回归加玛!",94177,94294,118
604,644,"云岚宗的动静",94295,94415,121
605,645,"万里之遥",94416,94546,131
606,647,"木铁",94547,94664,118
607,648,"斩杀",94665,94776,112
608,649,"加玛情势",94777,94918,142
609,650,"宗内议事",94919,95027,109
610,651,"米特尔之难",95028,95136,109
611,652,"血洗",95137,95324,188
612,654,"赶至帝都!",95325,95451,127
613,655,"讨债",95452,95520,69
614,656,"其人之道还治其人之身",95521,95675,155
615,657,"大开杀戒",95676,95814,139
616,658,"横扫",95815,95926,112
617,659,"云岚宗的震惊",95927,96065,139
618,660,"局势",96066,96156,91
619,661,"势",96157,96283,127
620,662,"商讨",96284,96401,118
621,663,"安顿萧家",96402,96549,148
622,664,"女人间的针锋相对...",96550,96691,142
623,665,"雪魅",96692,96818,127
624,666,"傅岩",96819,96945,127
625,667,"见面",96946,97042,97
626,668,"现身",97043,97139,97
627,669,"婚礼",97140,97305,166
628,670,"混元塑骨丹",97306,97444,139
629,671,"萧家新府邸",97445,97586,142
630,672,"夜谈",97587,97728,142
631,673,"幽海蛟兽",97729,97876,148
632,674,"治疗",97877,97985,109
633,675,"大战来临!",97986,98106,121
634,676,"大婚之日",98107,98254,148
635,677,"十招之战",98255,98399,145
636,678,"战古河",98400,98532,133
637,679,"败!",98533,98659,127
638,680,"杀无赦!",98660,98780,121
639,681,"决战，云岚宗!",98781,98958,178
640,682," 决战云山!",98959,99076,118
641,683,"大悲撕风手!",99077,99332,256
642,684," 鹜护法",99333,99480,148
643,685,"风刹湮罡",99481,99628,148
644,686,"底牌 三色火莲",99629,99761,133
645,687,"火莲爆发",99762,99876,115
646,688,"杀?",99877,99994,118
647,689,"击杀云山!!",99995,100160,166
648,690,"变故",100161,100314,154
649,691,"纳兰嫣然再现",100315,100450,136
650,692,"药老战鹜护法",100451,100604,154
651,693,"斗宗大战",100605,100755,151
652,694,"被捕",100756,100894,139
653,695,"痛苦",100895,101030,136
654,696,"处理云岚宗",101031,101175,145
655,697,"云岚宗结局",101176,101311,136
656,698,"落幕",101312,101438,127
657,699,"形势",101439,101523,85
658,700,"宗门大会",101524,101629,106
659,701,"毒宗",101630,101738,109
660,702,"药老所留",101739,101841,103
661,703,"势力雏形",101842,101980,139
662,704,"离别",101981,102110,130
663,705,"痊愈",102111,102222,112
664,706,"联盟",102223,102328,106
665,707,"炎盟",102329,102437,109
666,708,"事成",102438,102564,127
667,709,"炼制",102565,102682,118
668,710,"闭关之念",102683,102818,136
669,711,"青山",102819,103002,184
670,712,"遇故",103003,103159,157
671,713,"古怪的山谷",103160,103316,157
672,714,"神秘黑影",103317,103455,139
673,715,"小医仙?",103456,103582,127
674,716,"紫研晋阶",103583,103667,85
675,717,"丹成",103668,103800,133
676,718,"赫家",103801,103849,49
677,719,"援手",103850,103997,148
678,720,"赫乾",103998,104097,100
679,721," 闭死关",104098,104212,115
680,722,"变动",104213,104324,112
681,723,"灵魂窥测",104325,104427,103
682,724,"晋阶斗皇!",104428,104542,115
683,725,"出谷",104543,104651,109
684,726,"大乱",104652,104763,112
685,727,"毒宗，金雁宗，慕兰...",104764,104863,100
686,728,"援救",104864,104981,118
687,729,"蛇人月媚",104982,105126,145
688,730,"情势",105127,105211,85
689,731," 大战",105212,105323,112
690,732,"三兽蛮荒决",105324,105471,148
691,733,"迎战慕兰三老",105472,105580,109
692,734,"激战!",105581,105737,157
693,735,"三千雷",105738,106008,271
694,736,"骗局",106009,106090,82
695,737,"鹰啼",106091,106181,91
696,738,"毒宗宗主!",106182,106293,112
697,739,"身法较技",106294,106432,139
698,740,"爆!",106433,106580,148
699,741,"威望!",106581,106683,103
700,742,"物是人非",106684,106789,106
701,743,"大战休止",106790,106934,145
702,744,"夜见",106935,107046,112
703,745,"毒丹之法",107047,107173,127
704,746,"蛇人族强者",107174,107315,142
705,747,"四大长老",107316,107454,139
706,748,"秘法三等",107455,107569,115
707,749,"挑衅",107570,107711,142
708,750,"调养",107712,107811,100
709,751,"行动",107812,107899,88
710,752,"暗杀!",107900,108038,139
711,753,"以寡敌众",108039,108171,133
712,754,"收获颇丰",108172,108286,115
713,755,"天雁九行翼",108287,108362,76
714,756,"云山之上，薰儿!",108363,108465,103
715,757,"丹塔",108466,108565,100
716,758,"招揽古河",108566,108710,145
717,759,"大统领",108711,108861,151
718,760,"邀请帮手",108862,108997,136
719,761,"赶往出云!",108998,109109,112
720,762,"万蝎门",109110,109242,133
721,763,"蜈崖",109243,109348,106
722,764,"凶险",109349,109478,130
723,765,"蝎毕岩",109479,109584,106
724,766,"门派大战",109585,109717,133
725,767,"斩杀",109718,109859,142
726,768,"四翼天魔蝎",109860,109983,124
727,769,"现身",109984,110074,91
728,770,"铁护法",110075,110228,154
729,771,"斗宗大爆发",110229,110364,136
730,772,"偷袭",110365,110497,133
731,773,"蝎山身亡",110498,110636,139
732,774,"魂袋",110637,110736,100
733,775,"翻海印",110737,110854,118
734,776,"狼狈的铁护法",110855,110941,87
735,781,"擒获“轰!”",110942,111075,134
736,778,"拼死一击",111076,111181,106
737,779,"魔毒斑",111182,111350,169
738,780,"石池",111351,111562,212
739,781,"封印魔毒斑",111563,111689,127
740,782,"二星斗皇",111690,111798,109
741,783,"榜上第三!",111799,111931,133
742,784,"打算",111932,112025,94
743,785,"魂殿情报",112026,112119,94
744,786,"赶往黑角域",112120,112210,91
745,787,"路遇",112211,112310,100
746,788,"魔炎谷",112311,112443,133
747,789,"血剑吴昊",112444,112573,130
748,790,"鹰爪老人",112574,112697,124
749,791,"萧门，萧炎",112698,112833,136
750,792,"一个不留",112834,112957,124
751,793,"风起云涌",112958,113051,94
752,794,"进城",113052,113208,157
753,795,"千药坊",113209,113365,157
754,796,"换丹集会",113366,113507,142
755,797,"红脸老者",113508,113607,100
756,798,"竞价",113608,113731,124
757,799,"得手",113732,113840,109
758,800,"菩提心",113841,113934,94
759,801,"黒皇阁",113935,114064,130
760,802,"找上门的麻烦",114065,114176,112
761,803,"白衣人",114177,114306,130
762,804,"莫崖",114307,114430,124
763,805,"强者云集",114431,114548,118
764,806,"二女暗手",114549,114678,130
765,807,"破宗丹",114679,114829,151
766,808,"动静",114830,114989,160
767,809,"莫天行",114990,115137,148
768,810,"拍卖开始",115138,115288,151
769,811,"好戏开锣",115289,115427,139
770,812,"拍卖!",115428,115545,118
771,813,"六合游身尺",115546,115660,115
772,814,"魔兽干尸",115661,115766,106
773,815,"拍卖干尸",115767,115872,106
774,816,"以物换物",115873,115975,103
775,817,"菩提化体涎",115976,116090,115
776,818,"各显本钱",116091,116247,157
777,819,"最终胜者",116248,116356,109
778,820,"鹰山老人",116357,116456,100
779,821,"见面",116457,116613,157
780,822,"相谈",116614,116758,145
781,823,"商议定计",116759,117140,382
782,824,"分尸",117141,117270,130
783,825,"青红血液",117271,117406,136
784,826,"七阶魔核",117407,117575,169
785,827,"心火...",117576,117714,139
786,828,"尾随",117715,117799,85
787,829,"探测",117800,117944,145
788,830,"灵魂分身",117945,118113,169
789,831,"果然是你",118114,118249,136
790,832,"同门再见",118250,118349,100
791,833,"五大斗宗",118350,118473,124
792,834,"局势转变",118474,118654,181
793,835,"大战起",118655,118769,115
794,836,"化生火",118770,118881,112
795,837,"收服",118882,119032,151
796,838,"击杀",119033,119156,124
797,839,"暴走的紫研",119157,119259,103
798,840,"喝退",119260,119386,127
799,841,"离去",119387,119483,97
800,842,"变故",119484,119613,130
801,843,"消除隐患",119614,119749,136
802,844,"抵达和平镇",119750,119867,118
803,845,"欣蓝",119868,120003,136
804,846,"见面",120004,120139,136
805,847,"办法",120140,120281,142
806,848,"异火消息",120282,120399,118
807,849,"九龙天罡火",120400,120535,136
808,850,"三千焱炎火",120536,120647,112
809,851,"炼制",120648,120747,100
810,852,"意外收获",120748,120877,130
811,853,"霸道的骨翼",120878,121001,124
812,854,"一劳永逸",121002,121137,136
813,855,"到来",121138,121246,109
814,856,"地魔老鬼",121247,121364,118
815,857,"动手",121365,121482,118
816,858,"对战地魔老鬼",121483,121621,139
817,859,"惊心动魄",121622,121727,106
818,860,"疯狂",121728,121893,166
819,861,"毁灭火莲",121894,122011,118
820,862,"大破坏!",122012,122132,121
821,863,"千百二老",122133,122268,136
822,864,"希冀",122269,122356,88
823,865,"失败",122357,122486,130
824,866,"五星斗皇",122487,122580,94
825,867,"修炼之所",122581,122683,103
826,868,"再进塔底",122684,122771,88
827,869,"召唤",122772,122859,88
828,870,"尺法小成",122860,122938,79
829,871,"神秘骨骸",122939,123029,91
830,872,"岩浆生物",123030,123126,97
831,873,"火焰蜥蜴族",123127,123241,115
832,874,"天火尊者",123242,123335,94
833,875,"五轮离火法",123336,123459,124
834,876,"神秘存在",123460,123580,121
835,877,"陀舍古帝玉的动静...",123581,123674,94
836,878,"再次晋级",123675,123747,73
837,879,"情报",123748,123862,115
838,880,"商议",123863,124001,139
839,881,"招集",124002,124125,124
840,882,"联盟",124126,124213,88
841,883,"速度所造成的威慑...",124214,124334,121
842,884,"轩护法",124335,124458,124
843,885,"火灵显威",124459,124549,91
844,886,"凶魂凝聚",124550,124703,154
845,887,"迎战",124704,124830,127
846,888,"收取凶魂",124831,124948,118
847,889,"击杀",124949,125066,118
848,890,"再度交手",125067,125214,148
849,891,"火莲，杀!",125215,125320,106
850,892,"最后胜者",125321,125444,124
851,893,"寻宝",125445,125604,160
852,894,"石洞库房",125605,125755,151
853,895,"天妖傀",125756,125882,127
854,896,"养魂涎",125883,125994,112
855,897,"厄难毒体提前爆发...",125995,126124,130
856,898,"封印",126125,126236,112
857,899,"炼化凶魂",126237,126405,169
858,900,"炼制天妖傀",126406,126535,130
859,901,"淬炼",126536,126650,115
860,902,"炼制成功!",126651,126756,106
861,903,"大动静",126757,126880,124
862,904,"炼制天魂融血丹",126881,127001,121
863,905,"血脉中的威压",127002,127113,112
864,906,"丹成",127114,127234,121
865,907,"丹雷",127235,127400,166
866,908,"地妖傀显威",127401,127536,136
867,909,"再度突破!",127537,127633,97
868,910,"离开",127634,127748,115
869,911,"一殿一塔，二宗三...",127749,127842,94
870,912,"关闭",127843,127975,133
871,913,"红衣少女",127976,128135,160
872,914,"六阶",128136,128238,103
873,915,"修复",128239,128698,460
874,916,"空间风暴",128699,129059,361
875,917,"通道惊魂",129060,129213,154
876,918,"韩冲",129214,129541,328
877,919,"韩家，韩雪",129542,129680,139
878,920," 妖蛇夏莽",129681,129804,124
879,921,"万蛇峡",129805,129928,124
880,922,"神秘强者",129929,130076,148
881,923,"空间之力",130077,130185,109
882,924,"洪家",130186,130297,112
883,925,"出手",130298,130418,121
884,926,"天北城",130419,130530,112
885,927,"熟人",130531,130639,109
886,928,"试探!",130640,130748,109
887,929,"九转风游步",130749,130857,109
888,930,"诸乾",130858,130957,100
889,931," 药老的关押之处...",130958,131054,97
890,932,"天石台",131055,131148,94
891,933,"交手",131149,131320,172
892,934,"雷神降临",131321,131438,118
893,935,"灭雷锤!",131439,131559,121
894,936,"变故",131560,131674,115
895,937,"不够资格",131675,131777,103
896,938,"妖傀现身",131778,131901,124
897,939,"洪家围剿",131902,132274,373
898,940,"杀伐果断",132275,132383,109
899,941,"疯狂的举动",132384,132591,208
900,942,"三千雷幻身",132592,132730,139
901,943,"残卷",132731,132860,130
902,944,"滔天气势",132861,132972,112
903,945,"击杀沈云",132973,133387,415
904,946,"斗宗强者的自爆",133388,133547,160
905,947,"栖凤山",133548,133641,94
906,948,"九星斗皇",133642,133753,112
907,949,"龙潭虎穴",133754,133892,139
908,950,"九天雷狱阵",133893,134052,160
909,951,"雷神之怒",134053,134170,118
910,952,"火莲之威",134171,134282,112
911,953,"斩杀洪天啸",134283,134403,121
912,954,"灵魂残印",134404,134503,100
913,955,"天山血潭",134504,134591,88
914,956,"天雷子",134592,134766,175
915,957,"追杀",134767,134869,103
916,958,"破解",134870,135053,184
917,959,"森林苦修",135054,135165,112
918,960,"七阶苍狼王",135166,135289,124
919,961,"魔兽界三大族群",135290,135431,142
920,962,"锤炼分身",135432,135546,115
921,963,"抵达天目山脉",135547,135646,100
922,964,"凤小姐",135647,135755,109
923,965,"初步交手",135756,135912,157
924,966,"黑衣男子平",135913,136054,142
925,967,"故人",136055,136154,100
926,968,"再见纳兰嫣然",136155,136293,139
927,969,"王尘",136294,136408,115
928,970,"迷阵",136409,136559,151
929,971,"白狐引起的血案",136560,136677,118
930,972,"天山台",136678,136789,112
931,973,"鼠潮音波阵",136790,136883,94
932,974,"闯关",136884,137043,160
933,975,"慕青鸾",137044,137176,133
934,976,"声波对碰!",137177,137276,100
935,977,"风尊者去向",137277,137403,127
936,978,"交易",137404,137515,112
937,979,"血潭之底",137516,137651,136
938,980,"进入血潭",137652,137763,112
939,981,"血潭潜修!",137764,137860,97
940,982,"淬炼灵魂之效",137861,137960,100
941,983,"突破!斗宗!",137961,138066,106
942,984,"再见药老!",138067,138223,157
943,989,"一星斗宗",138224,138359,136
944,990,"古界",138360,138465,106
945,987,"炼",138466,138592,127
946,988,"风雷山脉",138593,138683,91
947,989,"雷山",138684,138813,130
948,990,"四大尊者",138814,138919,106
949,991,"大会开始",138920,139055,136
950,992,"混乱筛选",139056,139191,136
951,993,"来吧",139192,139315,124
952,994,"战王尘",139316,139424,109
953,995,"六合火",139425,139557,133
954,996,"识破身份",139558,139732,175
955,997,"奉陪便是",139733,139859,127
956,998,"年轻一辈的巅峰一...",139860,139983,124
957,999,"风杀指",139984,140104,121
958,1000,"妖凰圣像",140105,140243,139
959,1001,"圣像之力",140244,140355,112
960,1002,"妖凰钟",140356,140464,109
961,1003,"胜负",140465,140564,100
962,1004,"古凰血精",140565,140703,139
963,1005,"大会落幕",140704,140872,169
964,1006,"吸收",140873,141020,148
965,1007,"骨翼变异",141021,141159,139
966,1008,"当年旧事",141160,141166,7
967,1009,"前往丹域",141167,141311,145
968,1010,"修炼弄焰决",141312,141423,112
969,1011,"锤炼兽火",141424,141547,124
970,1012,"火种",141548,141701,154
971,1013,"中域，天黄城",141702,141816,115
972,1014,"虫洞争夺",141817,141964,148
973,1015,"故友相见",141965,142085,121
974,1016,"一招",142086,142233,148
975,1017,"前往焚炎谷",142234,142369,136
976,1018,"炙火山脉",142370,142469,100
977,1019,"唐震，九龙雷罡火...",142470,142647,178
978,1020,"异火测试",142648,142756,109
979,1021,"报酬",142757,142865,109
980,1022,"争取",142866,142977,112
981,1023,"火菩丹",142978,143137,160
982,1024,"融合",143138,143264,127
983,1025,"变故",143265,143433,169
984,1026,"力挽狂澜",143434,143608,175
985,1027,"再见丹雷",143609,143615,7
986,1028,"炼丹成功",143616,143775,160
987,1029,"阴阳命魂丹",143776,143890,115
988,1030,"受阻",143891,143999,109
989,1031,"考验",144000,144120,121
990,1032,"对战吴辰",144121,144241,121
991,1033,"暗藏一手",144242,144404,163
992,1034,"到手",144405,144519,115
993,1035,"传承秘法",144520,144625,106
994,1036,"萧玄",144626,144716,91
995,1037,"小医仙消息",144717,144723,7
996,1038,"赶至中域",144724,144880,157
997,1039,"叶城",144881,145025,145
998,1040,"叶家",145026,145179,154
999,1041,"去向",145180,145357,178
1000,1042,"落神涧",145358,145508,151
1001,1043,"冰河谷的剿杀",145509,145623,115
1002,1044,"逆转局面",145624,145726,103
1003,1045,"不堪一击",145727,145865,139
1004,1046,"一个不留",145866,145980,115
1005,1047,"疗伤",145981,146146,166
1006,1048,"天毒蝎龙兽踪迹...",146147,146291,145
1007,1049,"晋级",146292,146418,127
1008,1050,"天蝎毒龙兽",146419,146578,160
1009,1051,"蝎龙族。",146579,146759,181
1010,1052,"剿杀天毒蝎龙兽...",146760,146865,106
1011,1053,"击杀!",146866,147031,166
1012,1054,"到手",147032,147173,142
1013,1055,"炼制阴阳命魂丹...",147174,147312,139
1014,1056,"炼制躯体",147313,147457,145
1015,1057,"斗宗巅峰",147458,147596,139
1016,1058,"以卵击石",147597,147765,169
1017,1064,"阳火",147766,147880,115
1018,1065,"黑火宗",147881,147983,103
1019,1066,"阳火古坛",147984,148170,187
1020,1067,"毒丹之法，开启...",148171,148291,121
1021,1068,"谁动你，我便杀...",148292,148514,223
1022,1069,"地心珠",148515,148671,157
1023,1070,"夺取",148672,148801,130
1024,1071,"大战将至",148802,149000,199
1025,1072,"三变!",149001,149130,130
1026,1073,"恐怖的增幅",149131,149329,199
1027,1074,"摧枯拉朽",149330,149649,320
1028,1076,"恐怖对轰",149650,149812,163
1029,1077,"震撼之战",149813,149960,148
1030,1078,"青海",149961,150114,154
1031,1079,"寒冰王座",150115,150280,166
1032,1080,"冰尊者",150281,150482,202
1033,1081,"再见薰儿",150483,150627,145
1034,1082,"金色火焰",150628,150799,172
1035,1083,"击溃",150800,150917,118
1036,1084,"退敌",150918,151107,190
1037,1085,"封印",151108,151270,163
1038,1086,"打算",151271,151403,133
1039,1087,"古玉之谜",151404,151530,127
1040,1088,"情迷",151531,151681,151
1041,1089,"解决魔毒斑",151682,151874,193
1042,1090,"突破",151875,152040,166
1043,1091,"翎泉统领",152041,152155,115
1044,1092,"血玉令",152156,152318,163
1045,1093,"不堪一击!",152319,152538,220
1046,1094,"还债",152539,152746,208
1047,1095,"离开",152747,152912,166
1048,1096,"长老席",152913,153072,160
1049,1097,"苦修炼丹",153073,153193,121
1050,1098,"曹家",153194,153353,160
1051,1099,"打赌",153354,153453,100
1052,1100,"玩火",153454,153604,151
1053,1101,"曹家妖女",153605,153752,148
1054,1102,"压力",153753,153891,139
1055,1103,"灵魂境界",153892,154015,124
1056,1104,"赶往圣丹城!",154016,154145,130
1057,1105,"丹家",154146,154275,130
1058,1106,"星空夜遇",154276,154438,163
1059,1107,"分塔",154439,154541,103
1060,1108,"测试",154542,154659,118
1061,1109,"七品中级炼药师...",154660,154774,115
1062,1110,"教训",154775,154889,115
1063,1111,"炼药师交易会...",154890,155019,130
1064,1112,"血精妖果",155020,155137,118
1065,1113,"铜片",155138,155225,88
1066,1114,"交换",155226,155337,112
1067,1115,"玄冥宗",155338,155464,127
1068,1116,"孕灵粉尘",155465,155579,115
1069,1117,"无名口诀",155580,155703,124
1070,1118,"吸纳",155704,155794,91
1071,1119,"五大家族齐聚...",155795,155909,115
1072,1120,"考核开始!",155910,156024,115
1073,1121,"灵魂测试",156025,156115,91
1074,1122,"艳惊四座",156116,156246,131
1075,1123,"灵魂操控",156247,156358,112
1076,1124,"灵魂交手",156359,156479,121
1077,1125,"偷学",156480,156639,160
1078,1126,"获胜",156640,156748,109
1079,1127,"不速之客",156749,156863,115
1080,1128,"神秘黑袍人",156864,156981,118
1081,1129,"慕骨老人",156982,157093,112
1082,1130,"玄空子",157094,157193,100
1083,1131,"宋清",157194,157293,100
1084,1132,"魂手印",157294,157402,109
1085,1133,"丹会开始!",157403,157604,202
1086,1134,"两大关卡",157605,157698,94
1087,1135,"过关",157699,157831,133
1088,1136,"丹界入口",157832,157934,103
1089,1137,"千年地黄精",157935,158043,109
1090,1138,"地心魂髓",158044,158176,133
1091,1139,"黄衣老者",158177,158348,172
1092,1140,"万药山脉",158349,158454,106
1093,1141,"再遇",158455,158647,193
1094,1142,"动手",158648,158774,127
1095,1143,"下杀手",158775,158910,136
1096,1144,"离去",158911,159028,118
1097,1145,"丹灵浆",159029,159158,130
1098,1146,"下药",159159,159297,139
1099,1147,"杀戮",159298,159484,187
1100,1148,"联手",159485,159602,118
1101,1149,"逃命",159603,159924,322
1102,1150,"紫研，熊战",159925,160024,100
1103,1151,"震退",160025,160133,109
1104,1152,"药材广场",160134,160245,112
1105,1153,"调和地心魂髓...",160246,160378,133
1106,1154,"晋入八品!",160379,160460,82
1107,1155,"赶往出口",160461,160569,109
1108,1156,"离开丹界",160570,160672,103
1109,1157,"重头戏",160673,160775,103
1110,1158,"血妖焰火",160776,160890,115
1111,1159,"炼丹开始",160891,161002,112
1112,1160,"丹雷屡现",161003,161102,100
1113,1161,"强者迭出",161103,161226,124
1114,1162,"八品丹药!",161227,161359,133
1115,1163,"三色丹雷",161360,161510,151
1116,1164,"放手一搏",161511,161649,139
1117,1165,"升灵",161650,161818,169
1118,1166,"五色丹雷!",161819,161942,124
1119,1167,"迎接丹雷",161943,162063,121
1120,1168,"进化，天妖傀...",162064,162196,133
1121,1169,"丹会落幕",162197,162320,124
1122,1170,"玄衣，天雷子",162321,162420,100
1123,1171,"两女对恃",162421,162562,142
1124,1172,"龙印",162563,162647,85
1125,1173,"星域，三千焱...",162648,162795,148
1126,1174,"凶悍的三千焱...",162796,162934,139
1127,1175,"破封",162935,163045,111
1128,1176,"第1176章",163046,163161,116
1129,1177,"激战",163162,163306,145
1130,1178,"动手",163307,163421,115
1131,1179,"符印",163422,163560,139
1132,1180,"灵魂交战",163561,163663,103
1133,1181,"爆发",163664,163781,118
1134,1182,"僵持",163782,163893,112
1135,1183,"降服",163894,164011,118
1136,1184,"吞噬异火，九...",164012,164129,118
1137,1185,"火雷子",164130,164253,124
1138,1186,"情报",164254,164362,109
1139,1187,"茯苓青丹",164363,164468,106
1140,1188,"易尘",164469,164547,79
1141,1189,"交手",164548,164659,112
1142,1190,"承让",164660,164798,139
1143,1191,"情报到手",164799,164910,112
1144,1192,"亡魂山脉",164911,165022,112
1145,1193,"万事具备",165023,165137,115
1146,1194,"营救行动",165138,165246,109
1147,1195,"噬石魔蚁",165247,165367,121
1148,1196,"巨殿",165368,165494,127
1149,1197,"大战",165495,165612,118
1150,1198,"杀戮",165613,165721,109
1151,1199,"摘星老鬼",165722,165833,112
1152,1200,"戏耍",165834,165957,124
1153,1201,"局势",165958,166078,121
1154,1202,"拖延",166079,166187,109
1155,1203,"两败俱伤",166188,166320,133
1156,1204,"神秘之人",166321,166438,118
1157,1205,"重伤",166439,166553,115
1158,1206,"星陨阁",166554,166644,91
1159,1207,"时间飞逝",166645,166762,118
1160,1208,"晋阶，斗尊!",166763,166865,103
1161,1209,"苏醒",166866,166992,127
1162,1210,"远古遗迹",166993,167086,94
1163,1211,"兽域",167087,167171,85
1164,1212,"骸骨山脉",167172,167274,103
1165,1213,"找场子",167275,167377,103
1166,1214,"滚下去",167378,167486,109
1167,1215,"空间封印",167487,167571,85
1168,1216,"黑影人",167572,167692,121
1169,1217,"遗迹开启",167693,167807,115
1170,1218,"对头同现",167808,167913,106
1171,1219,"进入遗迹",167914,168025,112
1172,1220,"另有玄机的火道...",168026,168128,103
1173,1221,"收服",168129,168246,118
1174,1222,"远古森林",168247,168364,118
1175,1223,"魂婴妖树",168365,168485,121
1176,1224,"龙凰本源果",168486,168591,106
1177,1225,"凰轩",168592,168703,112
1178,1226,"天凰祖魂",168704,168830,127
1179,1227,"祖魂比拼",168831,168966,136
1180,1228,"远古丹药",168967,169147,181
1181,1229,"勾引丹兽",169148,169307,160
1182,1230,"青鳞?",169308,169491,184
1183,1231,"故人相见",169492,169630,139
1184,1232,"恐怖的碧蛇三...",169631,169763,133
1185,1233,"主殿",169764,169857,94
1186,1234,"封印消失",169858,169957,100
1187,1235,"混乱",169958,170018,61
1188,1236," 争夺远古卷...",170019,170133,115
1189,1237,"斩杀",170134,170326,193
1190,1238,"斗圣骨骸",170327,170495,169
1191,1239,"联手",170496,170658,163
1192,1240,"大天造化掌",170659,170845,187
1193,1241,"争抢骸骨",170846,171008,163
1194,1242,"收集骨骸",171009,171171,163
1195,1243,"各方插手",171172,171322,151
1196,1244,"四印叠加",171323,171503,181
1197,1245,"血战",171504,171699,196
1198,1246,"援手",171700,171889,190
1199,1247,"黑擎",171890,172052,163
1200,1248,"分别",172053,172233,181
1201,1249,"神秘纹身",172234,172420,187
1202,1250,"远古天蛇",172421,172589,169
1203,1251,"天阶斗技",172590,172746,157
1204,1252,"造化圣者",172747,172897,151
1205,1253,"完美躯体",172898,173063,166
1206,1254,"斗圣骨髓",173064,173205,142
1207,1255,"大敌来临",173206,173377,172
1208,1256,"混战",173378,173531,154
1209,1257,"施展",173532,173697,166
1210,1258,"凄惨下场",173698,173866,169
1211,1259,"大展神威",173867,174026,160
1212,1260,"半圣",174027,174201,175
1213,1261,"药圣",174202,174367,166
1214,1262,"熟人再见",174368,174527,160
1215,1263,"际遇",174528,174654,127
1216,1264,"赶往花宗",174655,174778,124
1217,1265,"再见云韵",174779,174971,193
1218,1266,"妖花邪君",174972,175137,166
1219,1267,"气化天地",175138,175306,169
1220,1268,"宗主之位",175307,175496,190
1221,1269,"炼化",175497,175641,145
1222,1270,"天地异象",175642,175777,136
1223,1271,"准天阶功法",175778,175916,139
1224,1272,"撕裂封印",175917,176085,169
1225,1273,"堵截",176086,176251,166
1226,1274,"激战",176252,176417,166
1227,1275,"功法显威",176418,176595,178
1228,1276,"以一敌三",176596,176806,211
1229,1277,"轰飞",176807,177005,199
1230,1278,"古龙岛",177006,177174,169
1231,1279,"分裂的太虚古...",177175,177375,201
1232,1280,"动手",177376,177526,151
1233,1281,"炼化龙凰晶层...",177527,177704,178
1234,1282,"混乱",177705,177897,193
1235,1283,"苏醒",177898,178093,196
1236,1285,"龙皇，紫研",178094,178301,208
1237,1285,"龙凰古甲",178302,178458,157
1238,1286,"虚空雷池",178459,178621,163
1239,1287,"晋级五星",178622,178766,145
1240,1288,"邙姓老者",178767,178941,175
1241,1289,"离开龙岛",178942,179116,175
1242,1290,"远古八族",179117,179264,148
1243,1291,"玉贴",179265,179421,157
1244,1292,"太一魂决",179422,179557,136
1245,1293,"赶往东域",179558,179702,145
1246,1294,"冤家路窄",179703,179862,160
1247,1295,"喜欢",179863,180019,157
1248,1296,"八大统领而，四大都统",180020,180158,139
1249,1297,"三统领杨皓",180159,180357,199
1250,1298,"炎族",180358,180550,193
1251,1299,"魂崖",180551,180701,151
1252,1300,"古界开启",180702,180870,169
1253,1301,"天墓",180871,181100,230
1254,1302,"古真",181101,181251,151
1255,1303,"下马威",181252,181435,184
1256,1304,"修罗都统",181436,181574,139
1257,1305,"邙天尺",181575,181734,160
1258,1306,"仪式开始",181735,181915,181
1259,1307,"血脉等级，族纹...",181916,182069,154
1260,1308,"挑战",182070,182241,172
1261,1309,"劲敌!",182242,182395,154
1262,1310,"巅峰交手",182396,182558,163
1263,1311,"大寂灭指",182559,182715,157
1264,1312,"落幕!",182716,182920,205
1265,1313,"胜!",182921,183089,169
1266,1314,"神品血脉",183090,183258,169
1267,1315,"七彩族纹",183259,183448,190
1268,1316,"相见",183449,183548,100
1269,1317,"交谈",183549,183687,139
1270,1318,"天墓开启",183688,183862,175
1271,1319,"进入天墓",183863,184013,151
1272,1320,"枯燥的修行",184014,184161,148
1273,1321,"魂崖，魂厉",184162,184334,173
1274,1322,"晋级六星",184335,184500,166
1275,1323,"追逃",184501,184669,169
1276,1324,"九星能量体",184670,184865,196
1277,1325,"紫色的天妖傀...",184866,185028,163
1278,1326,"大风暴",185029,185158,130
1279,1327,"聚集",185159,185321,163
1280,1328,"远古噬虫",185322,185484,163
1281,1329,"收取报酬",185485,185668,184
1282,1330,"开辟晶壁",185669,185804,136
1283,1331,"第三层",185805,185988,184
1284,1332,"半圣能量体",185989,186139,151
1285,1333,"血刀圣者",186140,186330,191
1286,1334,"两名斗圣",186331,186484,154
1287,1335,"现身",186485,186686,202
1288,1336,"萧玄!",186687,186876,190
1289,1337,"血脉传承",186877,187012,136
1290,1338,"换血",187013,187148,136
1291,1339,"血脉融合",187149,187287,139
1292,1340,"一年半",187288,187444,157
1293,1341,"八星斗尊巅峰...",187445,187594,150
1294,1342,"激活族纹萧炎目光火热的从萧玄手中接过那布满弄火焰纹路的卷轴",187595,187704,110
1295,1343,"最后的历练",187705,187843,139
1296,1344,"斩杀",187844,188248,405
1297,1346,"魂林",188249,188402,154
1298,1347,"摊牌",188403,188538,136
1299,1348,"离开古界",188539,188635,97
1300,1349,"焕然一新的星...",188636,188795,160
1301,1350,"西北大陆的动荡...",188796,188934,139
1302,1351,"收徒幽泉",188935,189073,139
1303,1352,"邀集帮手",189074,189182,109
1304,1353,"玄黄要塞",189183,189306,124
1305,1354,"小萧潇",189307,189421,115
1306,1355,"大战始",189422,189572,151
1307,1356,"惨烈",189573,189738,166
1308,1357,"一掌击杀!",189739,189947,209
1309,1358,"今非昔比",189948,190098,151
1310,1359,"四天尊，血河...",190099,190225,127
1311,1360,"噬血术",190226,190437,212
1312,1361,"九转成圣",190438,190585,148
1313,1362,"落幕",190586,190758,173
1314,1363,"毒瘤",190759,190858,100
1315,1364,"炼丹",190859,190994,136
1316,1365,"严惩",190995,191169,175
1317,1366,"解决",191170,191308,139
1318,1367,"动身之前",191309,191426,118
1319,1368,"回星陨阁",191427,191553,127
1320,1369,"空间交易会",191554,191647,94
1321,1370,"八彩原石",191648,191786,139
1322,1371,"古殿",191787,191901,115
1323,1372,"最后一张残图...",191902,192031,130
1324,1373,"情报",192032,192194,163
1325,1374,"莽荒古域",192195,192327,133
1326,1375,"蝎魔三鬼",192328,192517,190
1327,1376,"四色半的佛怒...",192518,192680,163
1328,1377,"古图到手",192681,192855,175
1329,1378,"古图之谜【第...",192856,193030,175
1330,1379,"净莲妖圣",193031,193239,209
1331,1380,"修炼金刚琉璃身...",193240,193387,148
1332,1381,"莽荒镇",193388,193538,151
1333,1382,"进入莽荒古域...",193539,193698,160
1334,1383,"深入",193699,193873,175
1335,1384,"再遇云韵",193874,194036,163
1336,1385,"斩杀天冥宗",194037,194235,199
1337,1386,"远古天魔蟒",194236,194392,157
1338,1387,"围剿天魔蟒",194393,194546,154
1339,1388,"天魔血池",194547,194715,169
1340,1389,"九星斗尊!",194716,194845,130
1341,1390,"古域台",194846,194972,127
1342,1391,"下马威",194973,195159,187
1343,1392,"两女相见",195160,195325,166
1344,1393,"魂玉，兽潮",195326,195449,124
1345,1394,"冲击兽潮",195450,195600,151
1346,1395,"突破!",195601,195754,154
1347,1396,"五位半圣!",195755,195926,172
1348,1397,"轰杀半圣傀儡...",195927,196098,172
1349,1398,"进入古树",196099,196244,146
1350,1399,"幻境",196245,196353,109
1351,1400,"斗帝的负囦面情绪",196354,196441,88
1352,1401,"菩提三宝",196442,196598,157
1353,1402,"苏醒",196599,196736,138
1354,1403,"百世轮回，九转巅峰！",196737,196918,182
1355,1404,"绝对压制",196919,197069,151
1356,1405,"空间破裂",197070,197256,187
1357,1406,"二天尊，骨幽圣者...",197257,197416,160
1358,1407,"金帝焚天炎",197417,197567,151
1359,1408,"对战半圣",197568,197748,181
1360,1409,"逼退骨幽",197749,197884,136
1361,1410,"闭关",197885,198030,146
1362,1411,"灵族之变",198031,198133,103
1363,1412,"战帖",198134,198272,139
1364,1413,"大战来临【第...",198273,198450,178
1365,1414,"星界大战【第...",198451,198631,181
1366,1415,"破关而出，斗...",198632,198833,202
1367,1416,"佛怒轮回",198834,198999,166
1368,1417,"大杀四方",199000,199201,202
1369,1418,"魂族斗圣",199202,199364,163
1370,1419,"各宗隐秘",199365,199488,124
1371,1420,"杀鸡儆猴",199489,199630,142
1372,1421,"寻求盟友",199631,199766,136
1373,1422,"再至丹塔",199767,199920,154
1374,1423,"小丹塔",199921,200115,195
1375,1,"，截止现在，整整两年武动乾坤。",200116,200165,50
1376,1424,"竞选长老",200166,200319,154
1377,1425,"小丹塔大长老...",200320,200476,157
1378,1426,"那可未必",200477,200594,118
1379,1427,"黑魔雷",200595,200763,169
1380,1428,"九品宝丹",200764,200944,181
1381,439,"联盟",200945,201098,154
1382,440,"天府联盟",201099,201246,148
1383,1431,"魂殿副殿主",201247,201406,160
1384,1432,"九幽黄泉",201407,201524,118
1385,1433,"九阴黄泉丹",201525,201639,115
1386,1434,"古龙一族情势...",201640,201802,163
1387,1435,"冥蛇地脉",201803,201947,145
1388,1436,"被锁之人",201948,202125,178
1389,1437,"妖暝",202126,202252,127
1390,1438,"妖啸天",202253,202415,163
1391,1439,"暴打",202416,202611,196
1392,1440,"九幽冥杖",202612,202783,172
1393,1441,"大势已去",202784,202964,181
1394,1442,"黄泉妖圣",202965,203151,187
1395,1443,"黄泉天怒",203152,203275,124
1396,1444,"灵魂争斗",203276,203453,178
1397,1145,"妖圣精血",203454,203616,163
1398,1446,"寻找帮手",203617,203772,156
1399,1447,"吸收妖圣精血",203773,203906,134
1400,1448,"天妖三凰",203907,204075,169
1401,1449,"伏击",204076,204235,160
1402,1450,"独斗双圣",204236,204404,169
1403,1451,"绝对压制",204405,204603,199
1404,1452,"人质威胁",204604,204736,133
1405,1453,"路遇",204737,204878,142
1406,1454,"解决",204879,205020,142
1407,1455,"再见紫研",205021,205219,199
1408,1456,"大战爆发",205220,205373,154
1409,1457,"三大龙王",205374,205569,196
1410,1458,"拼命",205570,205762,193
1411,1459,"屠龙剑",205763,205946,184
1412,1460,"大战落幕",205947,206073,127
1413,1461,"二星斗圣!",206074,206248,175
1414,1462,"魂殿动静",206249,206375,127
1415,1463,"天罡殿",206376,206505,130
1416,1464,"血洗人殿",206506,206704,199
1417,1465,"大天尊",206705,206876,172
1418,1466,"击溃",206877,207051,175
1419,1467,"血洗",207052,207187,136
1420,1468,"灵魂光团",207188,207296,109
1421,1469,"吸收灵魂本源...",207297,207405,109
1422,1470,"天境大圆满",207406,207517,112
1423,1471,"魂殿殿主!",207518,207665,148
1424,1472,"妖火降世!",207666,207816,151
1425,1473,"四方云动",207817,207976,160
1426,1474,"八荒破灭焱",207977,208115,139
1427,1475,"再见薰儿",208116,208215,100
1428,1476,"药万归",208216,208366,151
1429,1477,"不知好歹",208367,208526,160
1430,1478,"空间破裂",208527,208701,175
1431,1479,"妖火空间",208702,208870,169
1432,1480,"闯关",208871,209024,154
1433,1481,"血色巨斧",209025,209184,160
1434,1482,"虚幻与真实",209185,209380,196
1435,1483,"突破幻境",209381,209549,169
1436,1484,"合作",209550,209709,160
1437,1485,"七圣斗妖火",209710,209872,163
1438,1486,"反控",209873,210020,148
1439,1487,"天罗封魔阵",210021,210180,160
1440,1488,"抢妖火本源!",210181,210379,199
1441,1489,"惊天对撞",210380,210557,178
1442,1490,"萧展出手",210558,210732,175
1443,1491,"魂魔老人",210733,210898,166
1444,1492,"青牛牧童",210899,211046,148
1445,1493,"炼天古阵",211047,211197,151
1446,1494,"净莲妖圣?",211198,211381,184
1447,1495,"妖圣vs妖火",211382,211550,169
1448,506,"剥离",211551,211722,172
1449,1497,"最终获利",211723,211864,142
1450,1498,"炼化妖火!",211865,212027,163
1451,1499,"中州事变",212028,212154,127
1452,1500,"破茧而出",212155,212263,109
1453,1501,"火婴",212264,212405,142
1454,1502,"妖火平原",212406,212559,154
1455,1503,"翻手灭殿",212560,212761,202
1456,1504,"风雨欲来",212762,212885,124
1457,1505,"回家",212886,213024,139
1458,516,"战帖!",213025,213106,82
1459,1507,"陨落之巅",213107,213236,130
1460,1508,"魂千陌",213237,213387,151
1461,1509,"交锋",213388,213529,142
1462,1510,"平一局",213530,213692,163
1463,1511,"最后一局",213693,213870,178
1464,1512,"萧炎vs魂殿殿主",213871,214018,148
1465,1513,"虚无吞炎",214019,214199,181
1466,1514,"小伊显威",214200,214347,148
1467,1515,"分出胜负",214348,214510,163
1468,1516,"下杀手",214511,214691,181
1469,1517,"黑色珠子",214692,214806,115
1470,1518,"传信",214807,214969,163
1471,1519,"凰天",214970,215120,151
1472,1520,"两族对恃",215121,215316,196
1473,1521,"交手",215317,215479,163
1474,1522,"九色光柱",215480,215672,193
1475,1523,"彩鳞出关",215673,215826,154
1476,1524,"变故",215827,215992,166
1477,1525,"化龙魔阵",215993,216137,145
1478,1526,"毁灭火体",216138,216303,166
1479,1527,"疯狂的北龙王",216304,216460,157
1480,1528,"击杀",216461,216632,172
1481,1529,"炼制傀儡",216633,216753,121
1482,1530,"北王",216754,216883,130
1483,1531,"吞噬黑魔雷",216884,217028,145
1484,1532,"九玄金雷",217029,217146,118
1485,1533,"聚灵",217147,217282,136
1486,1534,"九玄金雷的力量",217283,217427,145
1487,1535,"变化",217428,217545,118
1488,1536,"平静",217546,217642,97
1489,1537,"药族药典",217643,217796,154
1490,1538,"出手",217797,217947,151
1491,549,"凶悍",217948,218125,178
1492,1540,"万火长老",218126,218243,118
1493,1541,"魂虚子",218244,218388,145
1494,1542,"药典开始",218389,218524,136
1495,1543,"讨教",218525,218636,112
1496,1544,"生灵之焱",218637,218766,130
1497,1545,"炼丹较量",218767,218890,124
1498,1546,"抢夺能量",218891,219002,112
1499,1547,"丹雨",219003,219150,148
1500,1548,"借玉",219151,219319,169
1501,1549,"惊变",219320,219497,178
1502,1550,"本体",219498,219633,136
1503,1551,"药帝残魂",219634,219847,214
1504,1552,"吞灵",219848,219989,142
1505,1553,"灭族之战",219990,220155,166
1506,1554,"借火",220156,220291,136
1507,1555,"八色火莲",220292,220439,148
1508,1556,"逃生",220440,220563,124
1509,1557,"吞服",220564,220720,157
1510,1558,"逃",220721,220862,142
1511,1559,"击退",220863,221043,181
1512,1560,"再进古界",221044,221179,136
1513,1561,"魂族之秘",221180,221318,139
1514,1562,"六星中期",221319,221445,127
1515,1563,"雷动",221446,221590,145
1516,1564,"出手",221591,221750,160
1517,1565,"赐教",221751,221943,193
1518,1566,"窥视",221944,222106,163
1519,1567,"古怪",222107,222278,172
1520,1568,"搜寻",222279,222462,184
1521,1569,"夺玉",222463,222628,166
1522,1570,"失玉",222629,222836,208
1523,1571,"商议",222837,222972,136
1524,1572,"再进天墓",222973,223135,163
1525,1573,"本源帝气",223136,223265,130
1526,1574,"天墓之魂",223266,223422,157
1527,1575,"抽取灵魂本源",223423,223579,157
1528,1576,"帝境灵魂",223580,223739,160
1529,1577,"出天墓",223740,223890,151
1530,1578,"大战前夕",223891,224165,275
1531,1580,"葬天山脉",224166,224346,181
1532,1581,"父子相见",224347,224518,172
1533,1582,"大战",224519,224705,187
1534,1583,"魂元天",224706,224883,178
1535,1584,"死寂之门",224884,225052,169
1536,1585,"据为己有",225053,225233,181
1537,1586,"破界",225234,225393,160
1538,597,"退走",225394,225562,169
1539,1588,"定计",225563,225704,142
1540,1589,"宁静",225705,225828,124
1541,1590,"雷劫丹",225829,225982,154
1542,1591,"七星斗圣",225983,226157,175
1543,1592,"探测古帝洞府",226158,226344,187
1544,1593,"古帝洞府所在",226345,226534,190
1545,1594,"黑角域之难",226535,226742,208
1546,1595,"赶至",226743,226956,214
1547,1596,"故人再见",226957,227155,199
1548,1597,"再入岩浆世界",227156,227315,160
1549,1598,"岩浆之底的空间",227316,227499,184
1550,1599,"神秘生物",227500,227695,196
1551,1600,"对话",227696,228066,371
1552,1602,"洞府之战",228067,228247,181
1553,1603,"以一敌二",228248,228479,232
1554,1604,"洞府出现",228480,228654,175
1555,1605,"危机关头",228655,228865,211
1556,1606,"老龙皇",228866,229055,190
1557,1607,"古帝洞府开启",229056,229242,187
1558,1608,"异火广场",229243,229414,172
1559,1609,"恐怖的帝品雏丹",229415,229589,175
1560,1610,"抢夺帝品雏丹",229590,229779,190
1561,1611,"失手",229780,229981,202
1562,1612,"魂天帝的野心",229982,230150,169
1563,1613,"中州之难",230151,230313,163
1564,1614,"异火榜第一!",230314,230473,160
1565,1615,"帝之本源",230474,230642,169
1566,1616,"古帝传承",230643,230805,163
1567,1617,"源气",230806,230980,175
1568,1618,"浩劫",230981,231164,184
1569,1619,"魂帝，魂天帝!",231165,231390,226
1570,1620,"斗帝强者的力量!",231391,231592,202
1571,1621,"出关!",231593,231815,223
1572,1622,"双帝之战!(上)",231816,232305,490
1573,1623,"双帝之战!(下)",232306,232585,280
1574,1624,"结束，也是开始。(大结局)",232586,233008,423
